"exchange","bid","ask","time","created_at"
"coincheck","485020.0","485092.0","1502783147","2017-08-15 07:45:47 UTC"
"coincheck","484691.0","485000.0","1502783267","2017-08-15 07:47:47 UTC"
"zaif","484150.0","484300.0","1502783268","2017-08-15 07:47:48 UTC"
"coincheck","484703.0","484995.0","1502783269","2017-08-15 07:47:49 UTC"
"zaif","484155.0","484300.0","1502783269","2017-08-15 07:47:49 UTC"
"coincheck","485000.0","485004.0","1502783271","2017-08-15 07:47:51 UTC"
"zaif","484155.0","484300.0","1502783271","2017-08-15 07:47:51 UTC"
"coincheck","485000.0","485002.0","1502783272","2017-08-15 07:47:52 UTC"
"zaif","484155.0","484300.0","1502783273","2017-08-15 07:47:53 UTC"
"coincheck","484717.0","485003.0","1502783274","2017-08-15 07:47:54 UTC"
"zaif","484160.0","484300.0","1502783274","2017-08-15 07:47:54 UTC"
"coincheck","484722.0","484792.0","1502783276","2017-08-15 07:47:56 UTC"
"zaif","484310.0","484325.0","1502783276","2017-08-15 07:47:56 UTC"
"coincheck","484501.0","484617.0","1502783278","2017-08-15 07:47:58 UTC"
"zaif","484310.0","484380.0","1502783278","2017-08-15 07:47:58 UTC"
"coincheck","484506.0","484615.0","1502783279","2017-08-15 07:47:59 UTC"
"zaif","484315.0","484380.0","1502783280","2017-08-15 07:48:00 UTC"
"coincheck","484508.0","484622.0","1502783281","2017-08-15 07:48:01 UTC"
"zaif","484350.0","484380.0","1502783281","2017-08-15 07:48:01 UTC"
"coincheck","484514.0","484622.0","1502783283","2017-08-15 07:48:03 UTC"
"zaif","484350.0","484380.0","1502783283","2017-08-15 07:48:03 UTC"
"coincheck","484515.0","484622.0","1502783284","2017-08-15 07:48:04 UTC"
"zaif","484355.0","484380.0","1502783284","2017-08-15 07:48:04 UTC"
"coincheck","484521.0","484622.0","1502783286","2017-08-15 07:48:06 UTC"
"zaif","484355.0","484380.0","1502783286","2017-08-15 07:48:06 UTC"
"coincheck","484523.0","484574.0","1502783287","2017-08-15 07:48:07 UTC"
"zaif","484355.0","484380.0","1502783288","2017-08-15 07:48:08 UTC"
"coincheck","484528.0","484574.0","1502783289","2017-08-15 07:48:09 UTC"
"zaif","484355.0","484380.0","1502783289","2017-08-15 07:48:09 UTC"
"coincheck","484529.0","484574.0","1502783291","2017-08-15 07:48:11 UTC"
"zaif","484355.0","484380.0","1502783291","2017-08-15 07:48:11 UTC"
"coincheck","484550.0","484574.0","1502783292","2017-08-15 07:48:12 UTC"
"zaif","484355.0","484380.0","1502783292","2017-08-15 07:48:12 UTC"
"coincheck","484551.0","484574.0","1502783294","2017-08-15 07:48:14 UTC"
"zaif","484355.0","484380.0","1502783294","2017-08-15 07:48:14 UTC"
"coincheck","484551.0","484574.0","1502783295","2017-08-15 07:48:15 UTC"
"zaif","484355.0","484380.0","1502783295","2017-08-15 07:48:15 UTC"
"coincheck","484551.0","484574.0","1502783296","2017-08-15 07:48:16 UTC"
"zaif","484355.0","484380.0","1502783297","2017-08-15 07:48:17 UTC"
"coincheck","484556.0","484622.0","1502783298","2017-08-15 07:48:18 UTC"
"zaif","484355.0","484380.0","1502783298","2017-08-15 07:48:18 UTC"
"coincheck","484557.0","484900.0","1502783300","2017-08-15 07:48:20 UTC"
"zaif","484355.0","484380.0","1502783300","2017-08-15 07:48:20 UTC"
"coincheck","484563.0","484950.0","1502783302","2017-08-15 07:48:22 UTC"
"zaif","484360.0","484415.0","1502783302","2017-08-15 07:48:22 UTC"
"coincheck","484567.0","484969.0","1502783303","2017-08-15 07:48:23 UTC"
"zaif","484365.0","484415.0","1502783303","2017-08-15 07:48:23 UTC"
"coincheck","484572.0","484977.0","1502783305","2017-08-15 07:48:25 UTC"
"zaif","484365.0","484415.0","1502783305","2017-08-15 07:48:25 UTC"
"coincheck","484578.0","484968.0","1502783306","2017-08-15 07:48:26 UTC"
"zaif","484370.0","484415.0","1502783307","2017-08-15 07:48:27 UTC"
"coincheck","484586.0","484959.0","1502783308","2017-08-15 07:48:28 UTC"
"zaif","484370.0","484410.0","1502783308","2017-08-15 07:48:28 UTC"
"coincheck","484590.0","484949.0","1502783310","2017-08-15 07:48:30 UTC"
"zaif","484375.0","484410.0","1502783310","2017-08-15 07:48:30 UTC"
"coincheck","484604.0","484954.0","1502783311","2017-08-15 07:48:31 UTC"
"zaif","484375.0","484415.0","1502783312","2017-08-15 07:48:32 UTC"
"coincheck","484614.0","485023.0","1502783313","2017-08-15 07:48:33 UTC"
"zaif","484375.0","484415.0","1502783313","2017-08-15 07:48:33 UTC"
"coincheck","484625.0","485021.0","1502783315","2017-08-15 07:48:35 UTC"
"zaif","484380.0","484410.0","1502783315","2017-08-15 07:48:35 UTC"
"coincheck","484634.0","485023.0","1502783317","2017-08-15 07:48:37 UTC"
"zaif","484380.0","484410.0","1502783317","2017-08-15 07:48:37 UTC"
"coincheck","484704.0","485000.0","1502783319","2017-08-15 07:48:39 UTC"
"zaif","484415.0","484540.0","1502783320","2017-08-15 07:48:40 UTC"
"coincheck","484714.0","485000.0","1502783321","2017-08-15 07:48:41 UTC"
"zaif","484415.0","484540.0","1502783321","2017-08-15 07:48:41 UTC"
"coincheck","484727.0","485000.0","1502783322","2017-08-15 07:48:42 UTC"
"zaif","484420.0","484540.0","1502783323","2017-08-15 07:48:43 UTC"
"coincheck","484734.0","485000.0","1502783324","2017-08-15 07:48:44 UTC"
"zaif","484420.0","484540.0","1502783324","2017-08-15 07:48:44 UTC"
"coincheck","484743.0","485000.0","1502783326","2017-08-15 07:48:46 UTC"
"zaif","484425.0","484540.0","1502783326","2017-08-15 07:48:46 UTC"
"coincheck","484753.0","485000.0","1502783327","2017-08-15 07:48:47 UTC"
"zaif","484540.0","484625.0","1502783327","2017-08-15 07:48:47 UTC"
"zaif","484590.0","484930.0","1502783358","2017-08-15 07:49:18 UTC"
"coincheck","485004.0","485336.0","1502783359","2017-08-15 07:49:19 UTC"
"zaif","484590.0","484825.0","1502783359","2017-08-15 07:49:19 UTC"
"coincheck","485016.0","485327.0","1502783360","2017-08-15 07:49:20 UTC"
"zaif","484595.0","484900.0","1502783361","2017-08-15 07:49:21 UTC"
"coincheck","485024.0","485585.0","1502783362","2017-08-15 07:49:22 UTC"
"zaif","484595.0","484900.0","1502783362","2017-08-15 07:49:22 UTC"
"coincheck","485101.0","485579.0","1502783364","2017-08-15 07:49:24 UTC"
"zaif","484600.0","484700.0","1502783364","2017-08-15 07:49:24 UTC"
"coincheck","485340.0","485795.0","1502783365","2017-08-15 07:49:25 UTC"
"zaif","484600.0","484700.0","1502783365","2017-08-15 07:49:25 UTC"
"coincheck","485346.0","485791.0","1502783367","2017-08-15 07:49:27 UTC"
"zaif","484600.0","484995.0","1502783367","2017-08-15 07:49:27 UTC"
"coincheck","485352.0","485785.0","1502783368","2017-08-15 07:49:28 UTC"
"zaif","484605.0","484995.0","1502783368","2017-08-15 07:49:28 UTC"
"coincheck","485361.0","485781.0","1502783370","2017-08-15 07:49:30 UTC"
"zaif","484605.0","484995.0","1502783370","2017-08-15 07:49:30 UTC"
"zaif","484890.0","484935.0","1502783148","2017-08-15 07:45:48 UTC"
"coincheck","485011.0","485088.0","1502783149","2017-08-15 07:45:49 UTC"
"zaif","484895.0","484920.0","1502783149","2017-08-15 07:45:49 UTC"
"coincheck","485011.0","485012.0","1502783150","2017-08-15 07:45:50 UTC"
"zaif","484865.0","484890.0","1502783150","2017-08-15 07:45:50 UTC"
"coincheck","485011.0","485021.0","1502783152","2017-08-15 07:45:52 UTC"
"zaif","484775.0","484885.0","1502783152","2017-08-15 07:45:52 UTC"
"coincheck","485004.0","485011.0","1502783154","2017-08-15 07:45:54 UTC"
"zaif","484775.0","484875.0","1502783154","2017-08-15 07:45:54 UTC"
"coincheck","485004.0","485009.0","1502783155","2017-08-15 07:45:55 UTC"
"zaif","484645.0","484655.0","1502783156","2017-08-15 07:45:56 UTC"
"coincheck","485004.0","485009.0","1502783157","2017-08-15 07:45:57 UTC"
"zaif","484645.0","484740.0","1502783157","2017-08-15 07:45:57 UTC"
"coincheck","485004.0","485010.0","1502783158","2017-08-15 07:45:58 UTC"
"zaif","484660.0","484740.0","1502783159","2017-08-15 07:45:59 UTC"
"coincheck","485004.0","485009.0","1502783160","2017-08-15 07:46:00 UTC"
"zaif","484645.0","484740.0","1502783160","2017-08-15 07:46:00 UTC"
"coincheck","485004.0","485005.0","1502783161","2017-08-15 07:46:01 UTC"
"zaif","485000.0","485010.0","1502783161","2017-08-15 07:46:01 UTC"
"coincheck","485001.0","485005.0","1502783163","2017-08-15 07:46:03 UTC"
"zaif","484495.0","484880.0","1502783163","2017-08-15 07:46:03 UTC"
"coincheck","485001.0","485021.0","1502783164","2017-08-15 07:46:04 UTC"
"zaif","484495.0","484550.0","1502783165","2017-08-15 07:46:05 UTC"
"coincheck","485002.0","485004.0","1502783166","2017-08-15 07:46:06 UTC"
"zaif","484500.0","484550.0","1502783166","2017-08-15 07:46:06 UTC"
"coincheck","485001.0","485004.0","1502783167","2017-08-15 07:46:07 UTC"
"zaif","484500.0","484545.0","1502783168","2017-08-15 07:46:08 UTC"
"coincheck","485001.0","485004.0","1502783169","2017-08-15 07:46:09 UTC"
"zaif","484500.0","484550.0","1502783169","2017-08-15 07:46:09 UTC"
"coincheck","485001.0","485004.0","1502783171","2017-08-15 07:46:11 UTC"
"zaif","484655.0","484740.0","1502783171","2017-08-15 07:46:11 UTC"
"coincheck","485000.0","485004.0","1502783172","2017-08-15 07:46:12 UTC"
"zaif","484400.0","484415.0","1502783172","2017-08-15 07:46:12 UTC"
"coincheck","485000.0","485004.0","1502783174","2017-08-15 07:46:14 UTC"
"zaif","484400.0","484415.0","1502783174","2017-08-15 07:46:14 UTC"
"coincheck","485002.0","485003.0","1502783175","2017-08-15 07:46:15 UTC"
"zaif","484400.0","484415.0","1502783176","2017-08-15 07:46:16 UTC"
"coincheck","485000.0","485004.0","1502783177","2017-08-15 07:46:17 UTC"
"zaif","484400.0","484520.0","1502783177","2017-08-15 07:46:17 UTC"
"coincheck","485000.0","485001.0","1502783179","2017-08-15 07:46:19 UTC"
"zaif","484400.0","484520.0","1502783179","2017-08-15 07:46:19 UTC"
"coincheck","485000.0","485001.0","1502783180","2017-08-15 07:46:20 UTC"
"zaif","484400.0","484520.0","1502783180","2017-08-15 07:46:20 UTC"
"coincheck","484905.0","484990.0","1502783182","2017-08-15 07:46:22 UTC"
"zaif","484405.0","484510.0","1502783182","2017-08-15 07:46:22 UTC"
"coincheck","484900.0","484986.0","1502783184","2017-08-15 07:46:24 UTC"
"zaif","484410.0","484510.0","1502783184","2017-08-15 07:46:24 UTC"
"coincheck","484900.0","484981.0","1502783186","2017-08-15 07:46:26 UTC"
"zaif","484410.0","484505.0","1502783186","2017-08-15 07:46:26 UTC"
"coincheck","484900.0","484981.0","1502783188","2017-08-15 07:46:28 UTC"
"zaif","484410.0","484500.0","1502783188","2017-08-15 07:46:28 UTC"
"coincheck","484905.0","484986.0","1502783190","2017-08-15 07:46:30 UTC"
"zaif","484415.0","484505.0","1502783190","2017-08-15 07:46:30 UTC"
"coincheck","484902.0","484986.0","1502783191","2017-08-15 07:46:31 UTC"
"zaif","484335.0","484500.0","1502783191","2017-08-15 07:46:31 UTC"
"coincheck","484805.0","484981.0","1502783193","2017-08-15 07:46:33 UTC"
"zaif","484340.0","484500.0","1502783193","2017-08-15 07:46:33 UTC"
"coincheck","484807.0","484977.0","1502783194","2017-08-15 07:46:34 UTC"
"zaif","484335.0","484530.0","1502783195","2017-08-15 07:46:35 UTC"
"coincheck","484105.0","484972.0","1502783196","2017-08-15 07:46:36 UTC"
"zaif","484340.0","484530.0","1502783196","2017-08-15 07:46:36 UTC"
"coincheck","484156.0","484963.0","1502783197","2017-08-15 07:46:37 UTC"
"zaif","484340.0","484525.0","1502783198","2017-08-15 07:46:38 UTC"
"coincheck","484214.0","484954.0","1502783199","2017-08-15 07:46:39 UTC"
"zaif","484320.0","484325.0","1502783199","2017-08-15 07:46:39 UTC"
"coincheck","484223.0","484700.0","1502783201","2017-08-15 07:46:41 UTC"
"zaif","484295.0","484325.0","1502783201","2017-08-15 07:46:41 UTC"
"coincheck","484231.0","484694.0","1502783202","2017-08-15 07:46:42 UTC"
"zaif","484295.0","484325.0","1502783202","2017-08-15 07:46:42 UTC"
"coincheck","484242.0","484685.0","1502783204","2017-08-15 07:46:44 UTC"
"zaif","484295.0","484325.0","1502783204","2017-08-15 07:46:44 UTC"
"coincheck","484339.0","484595.0","1502783206","2017-08-15 07:46:46 UTC"
"zaif","484295.0","484325.0","1502783206","2017-08-15 07:46:46 UTC"
"coincheck","484343.0","484586.0","1502783207","2017-08-15 07:46:47 UTC"
"coincheck","484759.0","485000.0","1502783329","2017-08-15 07:48:49 UTC"
"zaif","484545.0","484625.0","1502783329","2017-08-15 07:48:49 UTC"
"coincheck","484763.0","485000.0","1502783330","2017-08-15 07:48:50 UTC"
"zaif","484430.0","484625.0","1502783330","2017-08-15 07:48:50 UTC"
"coincheck","484770.0","485024.0","1502783332","2017-08-15 07:48:52 UTC"
"zaif","484440.0","484620.0","1502783333","2017-08-15 07:48:53 UTC"
"coincheck","484781.0","485024.0","1502783334","2017-08-15 07:48:54 UTC"
"zaif","484440.0","484615.0","1502783334","2017-08-15 07:48:54 UTC"
"coincheck","484786.0","485024.0","1502783336","2017-08-15 07:48:56 UTC"
"zaif","484690.0","484770.0","1502783336","2017-08-15 07:48:56 UTC"
"coincheck","484792.0","485024.0","1502783337","2017-08-15 07:48:57 UTC"
"zaif","484440.0","484690.0","1502783337","2017-08-15 07:48:57 UTC"
"coincheck","485028.0","485240.0","1502783339","2017-08-15 07:48:59 UTC"
"zaif","484440.0","484690.0","1502783339","2017-08-15 07:48:59 UTC"
"coincheck","485032.0","485240.0","1502783340","2017-08-15 07:49:00 UTC"
"zaif","484440.0","484690.0","1502783340","2017-08-15 07:49:00 UTC"
"coincheck","485037.0","485040.0","1502783342","2017-08-15 07:49:02 UTC"
"zaif","484445.0","484690.0","1502783342","2017-08-15 07:49:02 UTC"
"zaif","484295.0","484325.0","1502783208","2017-08-15 07:46:48 UTC"
"coincheck","484339.0","484495.0","1502783209","2017-08-15 07:46:49 UTC"
"zaif","484295.0","484325.0","1502783209","2017-08-15 07:46:49 UTC"
"coincheck","484372.0","484395.0","1502783211","2017-08-15 07:46:51 UTC"
"zaif","484295.0","484325.0","1502783212","2017-08-15 07:46:52 UTC"
"coincheck","484300.0","484362.0","1502783213","2017-08-15 07:46:53 UTC"
"zaif","484235.0","484320.0","1502783213","2017-08-15 07:46:53 UTC"
"coincheck","484000.0","484400.0","1502783216","2017-08-15 07:46:56 UTC"
"coincheck","485021.0","485050.0","1502783140","2017-08-15 07:45:40 UTC"
"zaif","484880.0","484945.0","1502783140","2017-08-15 07:45:40 UTC"
"coincheck","485026.0","485028.0","1502783141","2017-08-15 07:45:41 UTC"
"zaif","484880.0","484945.0","1502783142","2017-08-15 07:45:42 UTC"
"coincheck","485104.0","485419.0","1502783143","2017-08-15 07:45:43 UTC"
"zaif","484890.0","484950.0","1502783143","2017-08-15 07:45:43 UTC"
"coincheck","485109.0","485355.0","1502783144","2017-08-15 07:45:44 UTC"
"zaif","484895.0","485010.0","1502783144","2017-08-15 07:45:44 UTC"
"coincheck","485114.0","485300.0","1502783146","2017-08-15 07:45:46 UTC"
"zaif","484880.0","485005.0","1502783146","2017-08-15 07:45:46 UTC"
"zaif","484230.0","484320.0","1502783216","2017-08-15 07:46:56 UTC"
"coincheck","484079.0","484400.0","1502783218","2017-08-15 07:46:58 UTC"
"zaif","484230.0","484315.0","1502783218","2017-08-15 07:46:58 UTC"
"coincheck","484084.0","484391.0","1502783220","2017-08-15 07:47:00 UTC"
"zaif","484230.0","484320.0","1502783220","2017-08-15 07:47:00 UTC"
"coincheck","484300.0","484389.0","1502783221","2017-08-15 07:47:01 UTC"
"zaif","484240.0","484320.0","1502783221","2017-08-15 07:47:01 UTC"
"coincheck","484342.0","484382.0","1502783223","2017-08-15 07:47:03 UTC"
"zaif","484240.0","484315.0","1502783223","2017-08-15 07:47:03 UTC"
"coincheck","484300.0","484394.0","1502783225","2017-08-15 07:47:05 UTC"
"zaif","484240.0","484315.0","1502783225","2017-08-15 07:47:05 UTC"
"coincheck","484112.0","484310.0","1502783226","2017-08-15 07:47:06 UTC"
"zaif","484240.0","484315.0","1502783227","2017-08-15 07:47:07 UTC"
"coincheck","484121.0","484270.0","1502783228","2017-08-15 07:47:08 UTC"
"zaif","484245.0","484300.0","1502783228","2017-08-15 07:47:08 UTC"
"coincheck","484147.0","484700.0","1502783230","2017-08-15 07:47:10 UTC"
"zaif","484245.0","484300.0","1502783230","2017-08-15 07:47:10 UTC"
"coincheck","484401.0","484697.0","1502783231","2017-08-15 07:47:11 UTC"
"zaif","484250.0","484295.0","1502783232","2017-08-15 07:47:12 UTC"
"coincheck","484217.0","484350.0","1502783233","2017-08-15 07:47:13 UTC"
"zaif","484140.0","484325.0","1502783233","2017-08-15 07:47:13 UTC"
"coincheck","484217.0","484347.0","1502783236","2017-08-15 07:47:16 UTC"
"zaif","484145.0","484300.0","1502783236","2017-08-15 07:47:16 UTC"
"coincheck","484301.0","484350.0","1502783237","2017-08-15 07:47:17 UTC"
"zaif","484140.0","484300.0","1502783237","2017-08-15 07:47:17 UTC"
"coincheck","484354.0","484699.0","1502783239","2017-08-15 07:47:19 UTC"
"zaif","484145.0","484300.0","1502783239","2017-08-15 07:47:19 UTC"
"coincheck","484359.0","484699.0","1502783241","2017-08-15 07:47:21 UTC"
"zaif","484145.0","484295.0","1502783241","2017-08-15 07:47:21 UTC"
"coincheck","484365.0","484699.0","1502783242","2017-08-15 07:47:22 UTC"
"zaif","484140.0","484295.0","1502783243","2017-08-15 07:47:23 UTC"
"coincheck","484504.0","484858.0","1502783244","2017-08-15 07:47:24 UTC"
"zaif","484140.0","484300.0","1502783244","2017-08-15 07:47:24 UTC"
"coincheck","484508.0","484699.0","1502783246","2017-08-15 07:47:26 UTC"
"zaif","484145.0","484300.0","1502783246","2017-08-15 07:47:26 UTC"
"coincheck","484699.0","484859.0","1502783248","2017-08-15 07:47:28 UTC"
"zaif","484145.0","484295.0","1502783248","2017-08-15 07:47:28 UTC"
"coincheck","484611.0","484980.0","1502783249","2017-08-15 07:47:29 UTC"
"zaif","484140.0","484295.0","1502783249","2017-08-15 07:47:29 UTC"
"coincheck","484620.0","484923.0","1502783251","2017-08-15 07:47:31 UTC"
"zaif","484145.0","484290.0","1502783252","2017-08-15 07:47:32 UTC"
"coincheck","484630.0","484877.0","1502783253","2017-08-15 07:47:33 UTC"
"zaif","484150.0","484300.0","1502783253","2017-08-15 07:47:33 UTC"
"coincheck","484631.0","484837.0","1502783255","2017-08-15 07:47:35 UTC"
"zaif","484150.0","484300.0","1502783255","2017-08-15 07:47:35 UTC"
"coincheck","484639.0","484833.0","1502783257","2017-08-15 07:47:37 UTC"
"zaif","484155.0","484300.0","1502783257","2017-08-15 07:47:37 UTC"
"coincheck","484643.0","484801.0","1502783258","2017-08-15 07:47:38 UTC"
"zaif","484155.0","484300.0","1502783259","2017-08-15 07:47:39 UTC"
"coincheck","484647.0","484990.0","1502783260","2017-08-15 07:47:40 UTC"
"zaif","484150.0","484300.0","1502783260","2017-08-15 07:47:40 UTC"
"coincheck","484656.0","484999.0","1502783262","2017-08-15 07:47:42 UTC"
"zaif","484140.0","484300.0","1502783262","2017-08-15 07:47:42 UTC"
"coincheck","484669.0","484999.0","1502783264","2017-08-15 07:47:44 UTC"
"zaif","484145.0","484300.0","1502783264","2017-08-15 07:47:44 UTC"
"coincheck","484681.0","484992.0","1502783266","2017-08-15 07:47:46 UTC"
"zaif","484145.0","484295.0","1502783266","2017-08-15 07:47:46 UTC"
"coincheck","485038.0","485040.0","1502783343","2017-08-15 07:49:03 UTC"
"zaif","484480.0","484840.0","1502783344","2017-08-15 07:49:04 UTC"
"coincheck","485035.0","485040.0","1502783346","2017-08-15 07:49:06 UTC"
"zaif","484575.0","484840.0","1502783346","2017-08-15 07:49:06 UTC"
"coincheck","485035.0","485040.0","1502783348","2017-08-15 07:49:08 UTC"
"zaif","484580.0","484840.0","1502783348","2017-08-15 07:49:08 UTC"
"coincheck","484800.0","485040.0","1502783349","2017-08-15 07:49:09 UTC"
"zaif","484580.0","484835.0","1502783350","2017-08-15 07:49:10 UTC"
"coincheck","484813.0","485028.0","1502783351","2017-08-15 07:49:11 UTC"
"zaif","484580.0","484835.0","1502783351","2017-08-15 07:49:11 UTC"
"coincheck","484817.0","485028.0","1502783353","2017-08-15 07:49:13 UTC"
"zaif","484585.0","484835.0","1502783353","2017-08-15 07:49:13 UTC"
"coincheck","484822.0","485024.0","1502783354","2017-08-15 07:49:14 UTC"
"zaif","484585.0","484830.0","1502783355","2017-08-15 07:49:15 UTC"
"coincheck","484723.0","485999.0","1502783356","2017-08-15 07:49:16 UTC"
"zaif","484585.0","484830.0","1502783356","2017-08-15 07:49:16 UTC"
"coincheck","484732.0","485349.0","1502783357","2017-08-15 07:49:17 UTC"
"coincheck","485366.0","485776.0","1502783371","2017-08-15 07:49:31 UTC"
"zaif","484605.0","484990.0","1502783372","2017-08-15 07:49:32 UTC"
"coincheck","485450.0","485771.0","1502783373","2017-08-15 07:49:33 UTC"
"zaif","484610.0","484990.0","1502783373","2017-08-15 07:49:33 UTC"
"coincheck","485460.0","485762.0","1502783375","2017-08-15 07:49:35 UTC"
"zaif","484625.0","484985.0","1502783375","2017-08-15 07:49:35 UTC"
"coincheck","485469.0","485754.0","1502783376","2017-08-15 07:49:36 UTC"
"zaif","484625.0","484995.0","1502783376","2017-08-15 07:49:36 UTC"
"coincheck","485473.0","485999.0","1502783378","2017-08-15 07:49:38 UTC"
"zaif","484630.0","484995.0","1502783378","2017-08-15 07:49:38 UTC"
"coincheck","485483.0","485955.0","1502783379","2017-08-15 07:49:39 UTC"
"zaif","484655.0","484995.0","1502783380","2017-08-15 07:49:40 UTC"
"coincheck","485484.0","485486.0","1502783382","2017-08-15 07:49:42 UTC"
"zaif","484655.0","484995.0","1502783382","2017-08-15 07:49:42 UTC"
"coincheck","485481.0","485482.0","1502783383","2017-08-15 07:49:43 UTC"
"zaif","484660.0","484995.0","1502783384","2017-08-15 07:49:44 UTC"
"coincheck","485491.0","485879.0","1502783385","2017-08-15 07:49:45 UTC"
"zaif","484660.0","484995.0","1502783385","2017-08-15 07:49:45 UTC"
"coincheck","485500.0","485877.0","1502783386","2017-08-15 07:49:46 UTC"
"zaif","484665.0","484995.0","1502783387","2017-08-15 07:49:47 UTC"
"coincheck","485509.0","485853.0","1502783388","2017-08-15 07:49:48 UTC"
"zaif","484665.0","484995.0","1502783388","2017-08-15 07:49:48 UTC"
"coincheck","485518.0","485848.0","1502783389","2017-08-15 07:49:49 UTC"
"zaif","484670.0","484995.0","1502783389","2017-08-15 07:49:49 UTC"
"coincheck","485527.0","485842.0","1502783391","2017-08-15 07:49:51 UTC"
"zaif","484670.0","484995.0","1502783391","2017-08-15 07:49:51 UTC"
"coincheck","485680.0","485834.0","1502783392","2017-08-15 07:49:52 UTC"
"zaif","484675.0","484895.0","1502783393","2017-08-15 07:49:53 UTC"
"coincheck","485610.0","485834.0","1502783394","2017-08-15 07:49:54 UTC"
"zaif","484675.0","484895.0","1502783394","2017-08-15 07:49:54 UTC"
"coincheck","485532.0","485595.0","1502783395","2017-08-15 07:49:55 UTC"
"zaif","484675.0","485240.0","1502783396","2017-08-15 07:49:56 UTC"
"coincheck","485511.0","485590.0","1502783397","2017-08-15 07:49:57 UTC"
"zaif","484680.0","485240.0","1502783397","2017-08-15 07:49:57 UTC"
"coincheck","485512.0","485585.0","1502783398","2017-08-15 07:49:58 UTC"
"zaif","484680.0","485240.0","1502783399","2017-08-15 07:49:59 UTC"
"coincheck","485584.0","485591.0","1502783400","2017-08-15 07:50:00 UTC"
"zaif","484685.0","485240.0","1502783400","2017-08-15 07:50:00 UTC"
"coincheck","485528.0","485586.0","1502783401","2017-08-15 07:50:01 UTC"
"zaif","484685.0","485245.0","1502783402","2017-08-15 07:50:02 UTC"
"coincheck","485528.0","485599.0","1502783403","2017-08-15 07:50:03 UTC"
"zaif","484700.0","485245.0","1502783403","2017-08-15 07:50:03 UTC"
"coincheck","485595.0","485600.0","1502783405","2017-08-15 07:50:05 UTC"
"zaif","484700.0","485145.0","1502783405","2017-08-15 07:50:05 UTC"
"coincheck","485518.0","485594.0","1502783406","2017-08-15 07:50:06 UTC"
"zaif","484705.0","485145.0","1502783406","2017-08-15 07:50:06 UTC"
"coincheck","485533.0","485596.0","1502783408","2017-08-15 07:50:08 UTC"
"zaif","484705.0","485145.0","1502783408","2017-08-15 07:50:08 UTC"
"coincheck","485533.0","485595.0","1502783409","2017-08-15 07:50:09 UTC"
"zaif","484710.0","485260.0","1502783409","2017-08-15 07:50:09 UTC"
"coincheck","485538.0","485799.0","1502783411","2017-08-15 07:50:11 UTC"
"zaif","484715.0","485260.0","1502783411","2017-08-15 07:50:11 UTC"
"coincheck","485542.0","485799.0","1502783412","2017-08-15 07:50:12 UTC"
"zaif","484720.0","485255.0","1502783413","2017-08-15 07:50:13 UTC"
"coincheck","485548.0","485799.0","1502783414","2017-08-15 07:50:14 UTC"
"zaif","484720.0","485260.0","1502783414","2017-08-15 07:50:14 UTC"
"coincheck","485550.0","485790.0","1502783416","2017-08-15 07:50:16 UTC"
"zaif","485005.0","485260.0","1502783416","2017-08-15 07:50:16 UTC"
"coincheck","485557.0","485594.0","1502783418","2017-08-15 07:50:18 UTC"
"zaif","485000.0","485260.0","1502783418","2017-08-15 07:50:18 UTC"
"coincheck","485562.0","485593.0","1502783419","2017-08-15 07:50:19 UTC"
"zaif","485000.0","485260.0","1502783420","2017-08-15 07:50:20 UTC"
"coincheck","485557.0","485589.0","1502783421","2017-08-15 07:50:21 UTC"
"zaif","485260.0","485300.0","1502783421","2017-08-15 07:50:21 UTC"
"coincheck","485557.0","485585.0","1502783423","2017-08-15 07:50:23 UTC"
"zaif","485005.0","485160.0","1502783423","2017-08-15 07:50:23 UTC"
"coincheck","485557.0","485585.0","1502783424","2017-08-15 07:50:24 UTC"
"zaif","485000.0","485155.0","1502783425","2017-08-15 07:50:25 UTC"
"coincheck","485557.0","485589.0","1502783427","2017-08-15 07:50:27 UTC"
"zaif","484800.0","484900.0","1502783427","2017-08-15 07:50:27 UTC"
"coincheck","485533.0","485573.0","1502783429","2017-08-15 07:50:29 UTC"
"zaif","484755.0","484900.0","1502783429","2017-08-15 07:50:29 UTC"
"coincheck","485533.0","485565.0","1502783431","2017-08-15 07:50:31 UTC"
"zaif","484900.0","485000.0","1502783431","2017-08-15 07:50:31 UTC"
"coincheck","485533.0","485567.0","1502783433","2017-08-15 07:50:33 UTC"
"zaif","484915.0","485000.0","1502783433","2017-08-15 07:50:33 UTC"
"coincheck","485533.0","485563.0","1502783435","2017-08-15 07:50:35 UTC"
"zaif","484920.0","484995.0","1502783435","2017-08-15 07:50:35 UTC"
"coincheck","485533.0","485563.0","1502783437","2017-08-15 07:50:37 UTC"
"zaif","484925.0","484995.0","1502783437","2017-08-15 07:50:37 UTC"
"coincheck","485880.0","486000.0","1502783439","2017-08-15 07:50:39 UTC"
"zaif","484925.0","485000.0","1502783439","2017-08-15 07:50:39 UTC"
"coincheck","485751.0","485995.0","1502783441","2017-08-15 07:50:41 UTC"
"zaif","484930.0","485160.0","1502783441","2017-08-15 07:50:41 UTC"
"coincheck","485810.0","486000.0","1502783443","2017-08-15 07:50:43 UTC"
"zaif","484930.0","485160.0","1502783443","2017-08-15 07:50:43 UTC"
"coincheck","485854.0","486490.0","1502783445","2017-08-15 07:50:45 UTC"
"zaif","484935.0","485160.0","1502783445","2017-08-15 07:50:45 UTC"
"coincheck","485859.0","486168.0","1502783446","2017-08-15 07:50:46 UTC"
"zaif","485360.0","485410.0","1502783447","2017-08-15 07:50:47 UTC"
"coincheck","486004.0","486159.0","1502783448","2017-08-15 07:50:48 UTC"
"zaif","484935.0","485260.0","1502783449","2017-08-15 07:50:49 UTC"
"coincheck","485911.0","486030.0","1502783450","2017-08-15 07:50:50 UTC"
"zaif","484935.0","485155.0","1502783450","2017-08-15 07:50:50 UTC"
"coincheck","485900.0","486025.0","1502783452","2017-08-15 07:50:52 UTC"
"zaif","484940.0","485260.0","1502783452","2017-08-15 07:50:52 UTC"
"coincheck","485906.0","486270.0","1502783453","2017-08-15 07:50:53 UTC"
"zaif","484940.0","485360.0","1502783454","2017-08-15 07:50:54 UTC"
"coincheck","485915.0","486329.0","1502783455","2017-08-15 07:50:55 UTC"
"zaif","484945.0","485360.0","1502783455","2017-08-15 07:50:55 UTC"
"coincheck","485921.0","486369.0","1502783457","2017-08-15 07:50:57 UTC"
"zaif","485370.0","485410.0","1502783457","2017-08-15 07:50:57 UTC"
"coincheck","485927.0","486000.0","1502783459","2017-08-15 07:50:59 UTC"
"zaif","485370.0","485410.0","1502783459","2017-08-15 07:50:59 UTC"
"coincheck","485933.0","486348.0","1502783460","2017-08-15 07:51:00 UTC"
"zaif","485370.0","485410.0","1502783461","2017-08-15 07:51:01 UTC"
"coincheck","485945.0","486342.0","1502783462","2017-08-15 07:51:02 UTC"
"zaif","485375.0","485410.0","1502783462","2017-08-15 07:51:02 UTC"
"coincheck","485953.0","486337.0","1502783464","2017-08-15 07:51:04 UTC"
"zaif","485380.0","485410.0","1502783464","2017-08-15 07:51:04 UTC"
"coincheck","485965.0","486430.0","1502783466","2017-08-15 07:51:06 UTC"
"zaif","485380.0","485410.0","1502783466","2017-08-15 07:51:06 UTC"
"coincheck","485974.0","486384.0","1502783467","2017-08-15 07:51:07 UTC"
"zaif","485380.0","485410.0","1502783468","2017-08-15 07:51:08 UTC"
"coincheck","485979.0","486385.0","1502783469","2017-08-15 07:51:09 UTC"
"zaif","485410.0","485440.0","1502783469","2017-08-15 07:51:09 UTC"
"coincheck","486010.0","486381.0","1502783471","2017-08-15 07:51:11 UTC"
"zaif","485410.0","485435.0","1502783471","2017-08-15 07:51:11 UTC"
"coincheck","486020.0","486381.0","1502783472","2017-08-15 07:51:12 UTC"
"zaif","485415.0","485435.0","1502783473","2017-08-15 07:51:13 UTC"
"coincheck","486032.0","486380.0","1502783474","2017-08-15 07:51:14 UTC"
"zaif","485415.0","485565.0","1502783476","2017-08-15 07:51:16 UTC"
"coincheck","486237.0","486499.0","1502783477","2017-08-15 07:51:17 UTC"
"zaif","485445.0","485565.0","1502783478","2017-08-15 07:51:18 UTC"
"coincheck","486243.0","486499.0","1502783479","2017-08-15 07:51:19 UTC"
"zaif","485450.0","485585.0","1502783479","2017-08-15 07:51:19 UTC"
"coincheck","486253.0","486495.0","1502783481","2017-08-15 07:51:21 UTC"
"zaif","485570.0","485640.0","1502783481","2017-08-15 07:51:21 UTC"
"coincheck","486254.0","486498.0","1502783483","2017-08-15 07:51:23 UTC"
"zaif","485575.0","485700.0","1502783483","2017-08-15 07:51:23 UTC"
"coincheck","486264.0","487000.0","1502783485","2017-08-15 07:51:25 UTC"
"zaif","485580.0","485700.0","1502783485","2017-08-15 07:51:25 UTC"
"coincheck","486410.0","487000.0","1502783486","2017-08-15 07:51:26 UTC"
"zaif","485585.0","485700.0","1502783486","2017-08-15 07:51:26 UTC"
"coincheck","486474.0","486999.0","1502783488","2017-08-15 07:51:28 UTC"
"zaif","485590.0","485700.0","1502783488","2017-08-15 07:51:28 UTC"
"coincheck","486472.0","486995.0","1502783489","2017-08-15 07:51:29 UTC"
"zaif","485590.0","485700.0","1502783490","2017-08-15 07:51:30 UTC"
"coincheck","486484.0","486989.0","1502783491","2017-08-15 07:51:31 UTC"
"zaif","485595.0","485700.0","1502783491","2017-08-15 07:51:31 UTC"
"coincheck","486471.0","486980.0","1502783493","2017-08-15 07:51:33 UTC"
"zaif","485595.0","485695.0","1502783493","2017-08-15 07:51:33 UTC"
"coincheck","486498.0","486974.0","1502783494","2017-08-15 07:51:34 UTC"
"zaif","485710.0","485780.0","1502783495","2017-08-15 07:51:35 UTC"
"coincheck","486510.0","486968.0","1502783496","2017-08-15 07:51:36 UTC"
"zaif","485710.0","485780.0","1502783496","2017-08-15 07:51:36 UTC"
"coincheck","486518.0","486959.0","1502783498","2017-08-15 07:51:38 UTC"
"zaif","485710.0","485815.0","1502783498","2017-08-15 07:51:38 UTC"
"coincheck","486528.0","486951.0","1502783499","2017-08-15 07:51:39 UTC"
"zaif","485710.0","485815.0","1502783500","2017-08-15 07:51:40 UTC"
"coincheck","486537.0","486999.0","1502783501","2017-08-15 07:51:41 UTC"
"zaif","485715.0","485810.0","1502783501","2017-08-15 07:51:41 UTC"
"coincheck","486550.0","486999.0","1502783503","2017-08-15 07:51:43 UTC"
"zaif","485715.0","485810.0","1502783503","2017-08-15 07:51:43 UTC"
"coincheck","486800.0","486990.0","1502783505","2017-08-15 07:51:45 UTC"
"zaif","486115.0","486165.0","1502783505","2017-08-15 07:51:45 UTC"
"coincheck","486560.0","486794.0","1502783506","2017-08-15 07:51:46 UTC"
"zaif","485715.0","486105.0","1502783507","2017-08-15 07:51:47 UTC"
"coincheck","486542.0","486600.0","1502783508","2017-08-15 07:51:48 UTC"
"zaif","485720.0","486105.0","1502783509","2017-08-15 07:51:49 UTC"
"coincheck","486500.0","486538.0","1502783510","2017-08-15 07:51:50 UTC"
"zaif","485725.0","486100.0","1502783510","2017-08-15 07:51:50 UTC"
"coincheck","486476.0","486526.0","1502783512","2017-08-15 07:51:52 UTC"
"zaif","486005.0","486100.0","1502783512","2017-08-15 07:51:52 UTC"
"coincheck","486476.0","486500.0","1502783513","2017-08-15 07:51:53 UTC"
"zaif","485735.0","485905.0","1502783514","2017-08-15 07:51:54 UTC"
"coincheck","486090.0","486267.0","1502783515","2017-08-15 07:51:55 UTC"
"zaif","485735.0","485900.0","1502783516","2017-08-15 07:51:56 UTC"
"coincheck","486087.0","486258.0","1502783517","2017-08-15 07:51:57 UTC"
"zaif","485740.0","485880.0","1502783517","2017-08-15 07:51:57 UTC"
"coincheck","485714.0","486246.0","1502783519","2017-08-15 07:51:59 UTC"
"zaif","485730.0","485780.0","1502783519","2017-08-15 07:51:59 UTC"
"coincheck","485718.0","486075.0","1502783521","2017-08-15 07:52:01 UTC"
"zaif","485735.0","485780.0","1502783521","2017-08-15 07:52:01 UTC"
"coincheck","485719.0","486064.0","1502783522","2017-08-15 07:52:02 UTC"
"zaif","485730.0","485775.0","1502783523","2017-08-15 07:52:03 UTC"
"coincheck","485754.0","486054.0","1502783524","2017-08-15 07:52:04 UTC"
"zaif","485880.0","485905.0","1502783525","2017-08-15 07:52:05 UTC"
"coincheck","485766.0","486040.0","1502783527","2017-08-15 07:52:07 UTC"
"zaif","485785.0","485880.0","1502783527","2017-08-15 07:52:07 UTC"
"coincheck","485771.0","486031.0","1502783528","2017-08-15 07:52:08 UTC"
"zaif","485785.0","485880.0","1502783529","2017-08-15 07:52:09 UTC"
"coincheck","485777.0","486022.0","1502783530","2017-08-15 07:52:10 UTC"
"zaif","485785.0","485880.0","1502783530","2017-08-15 07:52:10 UTC"
"coincheck","485801.0","486014.0","1502783532","2017-08-15 07:52:12 UTC"
"zaif","485790.0","485875.0","1502783532","2017-08-15 07:52:12 UTC"
"coincheck","485805.0","486004.0","1502783534","2017-08-15 07:52:14 UTC"
"zaif","485780.0","485785.0","1502783534","2017-08-15 07:52:14 UTC"
"coincheck","485810.0","485992.0","1502783536","2017-08-15 07:52:16 UTC"
"zaif","485785.0","485875.0","1502783536","2017-08-15 07:52:16 UTC"
"coincheck","485816.0","485979.0","1502783538","2017-08-15 07:52:18 UTC"
"zaif","485785.0","485870.0","1502783538","2017-08-15 07:52:18 UTC"
"coincheck","485820.0","485971.0","1502783539","2017-08-15 07:52:19 UTC"
"zaif","485780.0","485865.0","1502783540","2017-08-15 07:52:20 UTC"
"coincheck","485820.0","485962.0","1502783541","2017-08-15 07:52:21 UTC"
"zaif","485780.0","485785.0","1502783541","2017-08-15 07:52:21 UTC"
"coincheck","485820.0","485952.0","1502783543","2017-08-15 07:52:23 UTC"
"zaif","485780.0","485785.0","1502783543","2017-08-15 07:52:23 UTC"
"coincheck","485801.0","485941.0","1502783546","2017-08-15 07:52:26 UTC"
"zaif","485735.0","485775.0","1502783546","2017-08-15 07:52:26 UTC"
"coincheck","485801.0","485934.0","1502783547","2017-08-15 07:52:27 UTC"
"zaif","485735.0","485775.0","1502783548","2017-08-15 07:52:28 UTC"
"coincheck","485801.0","485925.0","1502783549","2017-08-15 07:52:29 UTC"
"zaif","485735.0","485770.0","1502783549","2017-08-15 07:52:29 UTC"
"coincheck","485852.0","485913.0","1502783551","2017-08-15 07:52:31 UTC"
"zaif","485735.0","485775.0","1502783551","2017-08-15 07:52:31 UTC"
"coincheck","485800.0","485903.0","1502783553","2017-08-15 07:52:33 UTC"
"zaif","485735.0","485805.0","1502783553","2017-08-15 07:52:33 UTC"
"coincheck","485800.0","485897.0","1502783554","2017-08-15 07:52:34 UTC"
"zaif","485735.0","485770.0","1502783554","2017-08-15 07:52:34 UTC"
"coincheck","485732.0","485894.0","1502783556","2017-08-15 07:52:36 UTC"
"zaif","485740.0","485765.0","1502783556","2017-08-15 07:52:36 UTC"
"coincheck","485800.0","485895.0","1502783558","2017-08-15 07:52:38 UTC"
"zaif","485740.0","485765.0","1502783558","2017-08-15 07:52:38 UTC"
"coincheck","486094.0","486220.0","1502783560","2017-08-15 07:52:40 UTC"
"zaif","485735.0","485805.0","1502783561","2017-08-15 07:52:41 UTC"
"coincheck","486094.0","486214.0","1502783562","2017-08-15 07:52:42 UTC"
"zaif","485745.0","485805.0","1502783562","2017-08-15 07:52:42 UTC"
"coincheck","486240.0","486329.0","1502783565","2017-08-15 07:52:45 UTC"
"zaif","485740.0","485800.0","1502783565","2017-08-15 07:52:45 UTC"
"coincheck","486239.0","486241.0","1502783566","2017-08-15 07:52:46 UTC"
"zaif","485740.0","485795.0","1502783567","2017-08-15 07:52:47 UTC"
"coincheck","486239.0","486240.0","1502783568","2017-08-15 07:52:48 UTC"
"zaif","485745.0","485795.0","1502783568","2017-08-15 07:52:48 UTC"
"coincheck","485982.0","486239.0","1502783570","2017-08-15 07:52:50 UTC"
"zaif","485750.0","485795.0","1502783570","2017-08-15 07:52:50 UTC"
"coincheck","485991.0","486380.0","1502783572","2017-08-15 07:52:52 UTC"
"zaif","485750.0","485790.0","1502783572","2017-08-15 07:52:52 UTC"
"coincheck","486002.0","486390.0","1502783574","2017-08-15 07:52:54 UTC"
"zaif","485750.0","485790.0","1502783574","2017-08-15 07:52:54 UTC"
"coincheck","486010.0","486390.0","1502783575","2017-08-15 07:52:55 UTC"
"zaif","485735.0","485750.0","1502783576","2017-08-15 07:52:56 UTC"
"coincheck","486023.0","486385.0","1502783577","2017-08-15 07:52:57 UTC"
"zaif","485735.0","485750.0","1502783578","2017-08-15 07:52:58 UTC"
"coincheck","486031.0","486371.0","1502783579","2017-08-15 07:52:59 UTC"
"zaif","485740.0","485750.0","1502783580","2017-08-15 07:53:00 UTC"
"coincheck","486043.0","486359.0","1502783581","2017-08-15 07:53:01 UTC"
"zaif","485740.0","485840.0","1502783581","2017-08-15 07:53:01 UTC"
"coincheck","485781.0","486023.0","1502783583","2017-08-15 07:53:03 UTC"
"zaif","485745.0","485995.0","1502783583","2017-08-15 07:53:03 UTC"
"coincheck","485786.0","486011.0","1502783585","2017-08-15 07:53:05 UTC"
"zaif","485745.0","485835.0","1502783585","2017-08-15 07:53:05 UTC"
"coincheck","485750.0","485991.0","1502783587","2017-08-15 07:53:07 UTC"
"zaif","485750.0","485815.0","1502783587","2017-08-15 07:53:07 UTC"
"coincheck","485870.0","485983.0","1502783588","2017-08-15 07:53:08 UTC"
"zaif","485750.0","485815.0","1502783589","2017-08-15 07:53:09 UTC"
"coincheck","485870.0","485966.0","1502783591","2017-08-15 07:53:11 UTC"
"zaif","485745.0","485815.0","1502783591","2017-08-15 07:53:11 UTC"
"coincheck","485919.0","485957.0","1502783593","2017-08-15 07:53:13 UTC"
"zaif","485760.0","485815.0","1502783593","2017-08-15 07:53:13 UTC"
"coincheck","485919.0","485995.0","1502783595","2017-08-15 07:53:15 UTC"
"zaif","485760.0","485810.0","1502783595","2017-08-15 07:53:15 UTC"
"coincheck","485919.0","485986.0","1502783597","2017-08-15 07:53:17 UTC"
"zaif","485760.0","485810.0","1502783597","2017-08-15 07:53:17 UTC"
"coincheck","485919.0","486190.0","1502783598","2017-08-15 07:53:18 UTC"
"zaif","485765.0","485810.0","1502783599","2017-08-15 07:53:19 UTC"
"coincheck","485924.0","486289.0","1502783600","2017-08-15 07:53:20 UTC"
"zaif","485760.0","485805.0","1502783600","2017-08-15 07:53:20 UTC"
"coincheck","486000.0","486251.0","1502783602","2017-08-15 07:53:22 UTC"
"zaif","485740.0","485805.0","1502783602","2017-08-15 07:53:22 UTC"
"coincheck","486004.0","486246.0","1502783604","2017-08-15 07:53:24 UTC"
"zaif","485735.0","485760.0","1502783604","2017-08-15 07:53:24 UTC"
"coincheck","486009.0","486239.0","1502783605","2017-08-15 07:53:25 UTC"
"zaif","485735.0","485760.0","1502783606","2017-08-15 07:53:26 UTC"
"coincheck","486013.0","486231.0","1502783607","2017-08-15 07:53:27 UTC"
"zaif","485735.0","485760.0","1502783607","2017-08-15 07:53:27 UTC"
"coincheck","485996.0","486217.0","1502783609","2017-08-15 07:53:29 UTC"
"zaif","485735.0","485755.0","1502783609","2017-08-15 07:53:29 UTC"
"coincheck","486000.0","486206.0","1502783610","2017-08-15 07:53:30 UTC"
"zaif","485735.0","485755.0","1502783611","2017-08-15 07:53:31 UTC"
"coincheck","485923.0","486191.0","1502783612","2017-08-15 07:53:32 UTC"
"zaif","485735.0","485755.0","1502783613","2017-08-15 07:53:33 UTC"
"coincheck","485931.0","486184.0","1502783614","2017-08-15 07:53:34 UTC"
"zaif","485735.0","485755.0","1502783614","2017-08-15 07:53:34 UTC"
"coincheck","485939.0","486000.0","1502783616","2017-08-15 07:53:36 UTC"
"zaif","485735.0","485755.0","1502783616","2017-08-15 07:53:36 UTC"
"coincheck","485918.0","485935.0","1502783618","2017-08-15 07:53:38 UTC"
"zaif","485735.0","485750.0","1502783618","2017-08-15 07:53:38 UTC"
"coincheck","485918.0","485929.0","1502783619","2017-08-15 07:53:39 UTC"
"zaif","485735.0","485750.0","1502783620","2017-08-15 07:53:40 UTC"
"coincheck","485918.0","485921.0","1502783622","2017-08-15 07:53:42 UTC"
"zaif","485735.0","485750.0","1502783622","2017-08-15 07:53:42 UTC"
"coincheck","485959.0","486240.0","1502783624","2017-08-15 07:53:44 UTC"
"zaif","485735.0","485745.0","1502783624","2017-08-15 07:53:44 UTC"
"coincheck","485969.0","486240.0","1502783625","2017-08-15 07:53:45 UTC"
"zaif","485735.0","485745.0","1502783626","2017-08-15 07:53:46 UTC"
"coincheck","485975.0","486232.0","1502783627","2017-08-15 07:53:47 UTC"
"zaif","485735.0","485745.0","1502783627","2017-08-15 07:53:47 UTC"
"coincheck","485950.0","486231.0","1502783629","2017-08-15 07:53:49 UTC"
"zaif","485740.0","485745.0","1502783629","2017-08-15 07:53:49 UTC"
"coincheck","485924.0","486226.0","1502783630","2017-08-15 07:53:50 UTC"
"zaif","485740.0","485750.0","1502783631","2017-08-15 07:53:51 UTC"
"coincheck","485919.0","486216.0","1502783632","2017-08-15 07:53:52 UTC"
"zaif","485735.0","485750.0","1502783632","2017-08-15 07:53:52 UTC"
"coincheck","485926.0","486203.0","1502783634","2017-08-15 07:53:54 UTC"
"zaif","485735.0","485750.0","1502783634","2017-08-15 07:53:54 UTC"
"coincheck","485934.0","486194.0","1502783636","2017-08-15 07:53:56 UTC"
"zaif","485735.0","485750.0","1502783636","2017-08-15 07:53:56 UTC"
"coincheck","485946.0","486177.0","1502783639","2017-08-15 07:53:59 UTC"
"zaif","485735.0","485750.0","1502783639","2017-08-15 07:53:59 UTC"
"coincheck","485928.0","486170.0","1502783641","2017-08-15 07:54:01 UTC"
"zaif","485735.0","485750.0","1502783641","2017-08-15 07:54:01 UTC"
"coincheck","485925.0","486157.0","1502783642","2017-08-15 07:54:02 UTC"
"zaif","485705.0","485720.0","1502783643","2017-08-15 07:54:03 UTC"
"coincheck","485929.0","486148.0","1502783644","2017-08-15 07:54:04 UTC"
"zaif","485710.0","485720.0","1502783644","2017-08-15 07:54:04 UTC"
"coincheck","485922.0","486135.0","1502783646","2017-08-15 07:54:06 UTC"
"zaif","485705.0","485720.0","1502783646","2017-08-15 07:54:06 UTC"
"coincheck","485924.0","486139.0","1502783648","2017-08-15 07:54:08 UTC"
"zaif","485705.0","485720.0","1502783648","2017-08-15 07:54:08 UTC"
"coincheck","485924.0","486139.0","1502783650","2017-08-15 07:54:10 UTC"
"zaif","485700.0","485720.0","1502783650","2017-08-15 07:54:10 UTC"
"coincheck","485934.0","486123.0","1502783652","2017-08-15 07:54:12 UTC"
"zaif","485700.0","485720.0","1502783652","2017-08-15 07:54:12 UTC"
"coincheck","485938.0","486114.0","1502783653","2017-08-15 07:54:13 UTC"
"zaif","485700.0","485720.0","1502783654","2017-08-15 07:54:14 UTC"
"coincheck","485947.0","486111.0","1502783655","2017-08-15 07:54:15 UTC"
"zaif","485700.0","485720.0","1502783655","2017-08-15 07:54:15 UTC"
"coincheck","485920.0","486104.0","1502783657","2017-08-15 07:54:17 UTC"
"zaif","485700.0","485720.0","1502783657","2017-08-15 07:54:17 UTC"
"coincheck","485923.0","486094.0","1502783658","2017-08-15 07:54:18 UTC"
"zaif","485700.0","485720.0","1502783659","2017-08-15 07:54:19 UTC"
"coincheck","485871.0","486081.0","1502783660","2017-08-15 07:54:20 UTC"
"zaif","485700.0","485720.0","1502783660","2017-08-15 07:54:20 UTC"
"coincheck","485894.0","485896.0","1502783662","2017-08-15 07:54:22 UTC"
"zaif","485700.0","485720.0","1502783662","2017-08-15 07:54:22 UTC"
"coincheck","485750.0","485898.0","1502783664","2017-08-15 07:54:24 UTC"
"zaif","485700.0","485720.0","1502783664","2017-08-15 07:54:24 UTC"
"coincheck","485759.0","485885.0","1502783665","2017-08-15 07:54:25 UTC"
"zaif","485700.0","485720.0","1502783666","2017-08-15 07:54:26 UTC"
"coincheck","485770.0","486305.0","1502783667","2017-08-15 07:54:27 UTC"
"zaif","485700.0","485720.0","1502783667","2017-08-15 07:54:27 UTC"
"coincheck","485801.0","486300.0","1502783669","2017-08-15 07:54:29 UTC"
"zaif","485700.0","485720.0","1502783669","2017-08-15 07:54:29 UTC"
"coincheck","485835.0","486296.0","1502783670","2017-08-15 07:54:30 UTC"
"zaif","485700.0","485720.0","1502783671","2017-08-15 07:54:31 UTC"
"coincheck","485874.0","486287.0","1502783672","2017-08-15 07:54:32 UTC"
"zaif","485705.0","485720.0","1502783673","2017-08-15 07:54:33 UTC"
"coincheck","485884.0","486280.0","1502783674","2017-08-15 07:54:34 UTC"
"zaif","485700.0","485715.0","1502783674","2017-08-15 07:54:34 UTC"
"coincheck","485892.0","486276.0","1502783676","2017-08-15 07:54:36 UTC"
"zaif","485700.0","485715.0","1502783676","2017-08-15 07:54:36 UTC"
"coincheck","485894.0","486263.0","1502783678","2017-08-15 07:54:38 UTC"
"zaif","485705.0","485715.0","1502783678","2017-08-15 07:54:38 UTC"
"coincheck","485904.0","486085.0","1502783679","2017-08-15 07:54:39 UTC"
"zaif","485705.0","485715.0","1502783679","2017-08-15 07:54:39 UTC"
"coincheck","485900.0","486076.0","1502783681","2017-08-15 07:54:41 UTC"
"zaif","485705.0","485710.0","1502783682","2017-08-15 07:54:42 UTC"
"coincheck","485908.0","486064.0","1502783683","2017-08-15 07:54:43 UTC"
"zaif","485705.0","485710.0","1502783683","2017-08-15 07:54:43 UTC"
"coincheck","485914.0","486056.0","1502783685","2017-08-15 07:54:45 UTC"
"zaif","485705.0","485745.0","1502783685","2017-08-15 07:54:45 UTC"
"coincheck","485895.0","486043.0","1502783687","2017-08-15 07:54:47 UTC"
"zaif","485710.0","485745.0","1502783687","2017-08-15 07:54:47 UTC"
"coincheck","485906.0","486035.0","1502783688","2017-08-15 07:54:48 UTC"
"zaif","485705.0","485745.0","1502783689","2017-08-15 07:54:49 UTC"
"coincheck","485905.0","486027.0","1502783690","2017-08-15 07:54:50 UTC"
"zaif","485675.0","485695.0","1502783690","2017-08-15 07:54:50 UTC"
"coincheck","485906.0","486085.0","1502783692","2017-08-15 07:54:52 UTC"
"zaif","485650.0","485665.0","1502783692","2017-08-15 07:54:52 UTC"
"coincheck","485916.0","486081.0","1502783694","2017-08-15 07:54:54 UTC"
"zaif","485490.0","485530.0","1502783694","2017-08-15 07:54:54 UTC"
"coincheck","485921.0","486072.0","1502783696","2017-08-15 07:54:56 UTC"
"zaif","485400.0","485485.0","1502783696","2017-08-15 07:54:56 UTC"
"coincheck","485910.0","486060.0","1502783698","2017-08-15 07:54:58 UTC"
"zaif","485310.0","485385.0","1502783698","2017-08-15 07:54:58 UTC"
"coincheck","485905.0","486063.0","1502783699","2017-08-15 07:54:59 UTC"
"zaif","485315.0","485485.0","1502783700","2017-08-15 07:55:00 UTC"
"coincheck","486058.0","486063.0","1502783701","2017-08-15 07:55:01 UTC"
"zaif","485315.0","485370.0","1502783702","2017-08-15 07:55:02 UTC"
"coincheck","485916.0","486053.0","1502783704","2017-08-15 07:55:04 UTC"
"zaif","485315.0","485485.0","1502783704","2017-08-15 07:55:04 UTC"
"coincheck","485921.0","486054.0","1502783706","2017-08-15 07:55:06 UTC"
"zaif","485315.0","485320.0","1502783706","2017-08-15 07:55:06 UTC"
"coincheck","485916.0","486051.0","1502783708","2017-08-15 07:55:08 UTC"
"zaif","485330.0","485485.0","1502783708","2017-08-15 07:55:08 UTC"
"coincheck","485925.0","486069.0","1502783710","2017-08-15 07:55:10 UTC"
"zaif","485335.0","485410.0","1502783710","2017-08-15 07:55:10 UTC"
"coincheck","485917.0","486089.0","1502783713","2017-08-15 07:55:13 UTC"
"zaif","485450.0","485530.0","1502783713","2017-08-15 07:55:13 UTC"
"coincheck","485910.0","486089.0","1502783714","2017-08-15 07:55:14 UTC"
"zaif","485545.0","485560.0","1502783715","2017-08-15 07:55:15 UTC"
"coincheck","485904.0","486083.0","1502783716","2017-08-15 07:55:16 UTC"
"zaif","485570.0","485590.0","1502783716","2017-08-15 07:55:16 UTC"
"coincheck","485913.0","486085.0","1502783718","2017-08-15 07:55:18 UTC"
"zaif","485605.0","485665.0","1502783718","2017-08-15 07:55:18 UTC"
"coincheck","485908.0","486139.0","1502783720","2017-08-15 07:55:20 UTC"
"zaif","485605.0","485665.0","1502783720","2017-08-15 07:55:20 UTC"
"coincheck","485918.0","486199.0","1502783722","2017-08-15 07:55:22 UTC"
"zaif","485605.0","485665.0","1502783722","2017-08-15 07:55:22 UTC"
"coincheck","485922.0","486199.0","1502783723","2017-08-15 07:55:23 UTC"
"zaif","485605.0","485665.0","1502783723","2017-08-15 07:55:23 UTC"
"coincheck","485927.0","486198.0","1502783725","2017-08-15 07:55:25 UTC"
"zaif","485605.0","485665.0","1502783725","2017-08-15 07:55:25 UTC"
"coincheck","485932.0","486198.0","1502783727","2017-08-15 07:55:27 UTC"
"zaif","485605.0","485665.0","1502783727","2017-08-15 07:55:27 UTC"
"coincheck","485951.0","486198.0","1502783728","2017-08-15 07:55:28 UTC"
"zaif","485605.0","485665.0","1502783729","2017-08-15 07:55:29 UTC"
"coincheck","485958.0","486198.0","1502783730","2017-08-15 07:55:30 UTC"
"zaif","486000.0","486165.0","1502783731","2017-08-15 07:55:31 UTC"
"coincheck","485959.0","486198.0","1502783732","2017-08-15 07:55:32 UTC"
"zaif","486000.0","486165.0","1502783732","2017-08-15 07:55:32 UTC"
"coincheck","485972.0","486199.0","1502783734","2017-08-15 07:55:34 UTC"
"zaif","485600.0","486000.0","1502783734","2017-08-15 07:55:34 UTC"
"coincheck","485977.0","486199.0","1502783736","2017-08-15 07:55:36 UTC"
"zaif","485600.0","486000.0","1502783736","2017-08-15 07:55:36 UTC"
"coincheck","485982.0","486199.0","1502783737","2017-08-15 07:55:37 UTC"
"zaif","485600.0","486000.0","1502783738","2017-08-15 07:55:38 UTC"
"coincheck","485989.0","486199.0","1502783741","2017-08-15 07:55:41 UTC"
"zaif","485605.0","485995.0","1502783741","2017-08-15 07:55:41 UTC"
"coincheck","486050.0","486195.0","1502783742","2017-08-15 07:55:42 UTC"
"zaif","485605.0","485995.0","1502783743","2017-08-15 07:55:43 UTC"
"coincheck","486150.0","486198.0","1502783744","2017-08-15 07:55:44 UTC"
"zaif","485605.0","485990.0","1502783745","2017-08-15 07:55:45 UTC"
"coincheck","486109.0","486199.0","1502783747","2017-08-15 07:55:47 UTC"
"zaif","485605.0","485990.0","1502783747","2017-08-15 07:55:47 UTC"
"coincheck","486111.0","486299.0","1502783749","2017-08-15 07:55:49 UTC"
"zaif","485610.0","485990.0","1502783749","2017-08-15 07:55:49 UTC"
"coincheck","485994.0","486103.0","1502783751","2017-08-15 07:55:51 UTC"
"zaif","485610.0","485985.0","1502783751","2017-08-15 07:55:51 UTC"
"coincheck","485999.0","486103.0","1502783753","2017-08-15 07:55:53 UTC"
"zaif","485610.0","485745.0","1502783753","2017-08-15 07:55:53 UTC"
"coincheck","485950.0","485973.0","1502783755","2017-08-15 07:55:55 UTC"
"zaif","485610.0","485745.0","1502783755","2017-08-15 07:55:55 UTC"
"coincheck","485950.0","485973.0","1502783758","2017-08-15 07:55:58 UTC"
"zaif","485615.0","485745.0","1502783758","2017-08-15 07:55:58 UTC"
"coincheck","485900.0","485906.0","1502783760","2017-08-15 07:56:00 UTC"
"zaif","485615.0","485745.0","1502783760","2017-08-15 07:56:00 UTC"
"coincheck","485900.0","485906.0","1502783762","2017-08-15 07:56:02 UTC"
"zaif","485620.0","485745.0","1502783762","2017-08-15 07:56:02 UTC"
"coincheck","485900.0","485906.0","1502783763","2017-08-15 07:56:03 UTC"
"zaif","485625.0","485745.0","1502783764","2017-08-15 07:56:04 UTC"
"coincheck","485900.0","485904.0","1502783766","2017-08-15 07:56:06 UTC"
"zaif","485625.0","485745.0","1502783766","2017-08-15 07:56:06 UTC"
"coincheck","485900.0","485904.0","1502783768","2017-08-15 07:56:08 UTC"
"zaif","485630.0","485745.0","1502783768","2017-08-15 07:56:08 UTC"
"coincheck","485900.0","485950.0","1502783770","2017-08-15 07:56:10 UTC"
"zaif","485630.0","485740.0","1502783770","2017-08-15 07:56:10 UTC"
"coincheck","485814.0","485848.0","1502783772","2017-08-15 07:56:12 UTC"
"zaif","485635.0","485955.0","1502783772","2017-08-15 07:56:12 UTC"
"coincheck","485819.0","485857.0","1502783774","2017-08-15 07:56:14 UTC"
"zaif","485635.0","485820.0","1502783774","2017-08-15 07:56:14 UTC"
"coincheck","485824.0","486127.0","1502783777","2017-08-15 07:56:17 UTC"
"zaif","485645.0","485815.0","1502783777","2017-08-15 07:56:17 UTC"
"coincheck","485839.0","486122.0","1502783779","2017-08-15 07:56:19 UTC"
"zaif","485650.0","485820.0","1502783779","2017-08-15 07:56:19 UTC"
"coincheck","485844.0","486126.0","1502783781","2017-08-15 07:56:21 UTC"
"zaif","485655.0","485815.0","1502783781","2017-08-15 07:56:21 UTC"
"coincheck","485854.0","486122.0","1502783783","2017-08-15 07:56:23 UTC"
"zaif","485655.0","485815.0","1502783783","2017-08-15 07:56:23 UTC"
"coincheck","485859.0","486121.0","1502783785","2017-08-15 07:56:25 UTC"
"zaif","485660.0","485815.0","1502783785","2017-08-15 07:56:25 UTC"
"coincheck","485864.0","486109.0","1502783787","2017-08-15 07:56:27 UTC"
"zaif","485660.0","485810.0","1502783787","2017-08-15 07:56:27 UTC"
"coincheck","485876.0","486097.0","1502783789","2017-08-15 07:56:29 UTC"
"zaif","485660.0","485810.0","1502783789","2017-08-15 07:56:29 UTC"
"coincheck","485840.0","486072.0","1502783791","2017-08-15 07:56:31 UTC"
"zaif","485670.0","485810.0","1502783791","2017-08-15 07:56:31 UTC"
"coincheck","485840.0","485844.0","1502783792","2017-08-15 07:56:32 UTC"
"zaif","485665.0","485810.0","1502783793","2017-08-15 07:56:33 UTC"
"coincheck","485839.0","485864.0","1502783794","2017-08-15 07:56:34 UTC"
"zaif","485905.0","485985.0","1502783794","2017-08-15 07:56:34 UTC"
"coincheck","485839.0","486063.0","1502783796","2017-08-15 07:56:36 UTC"
"zaif","485910.0","485985.0","1502783797","2017-08-15 07:56:37 UTC"
"coincheck","485813.0","485840.0","1502783798","2017-08-15 07:56:38 UTC"
"zaif","485850.0","485955.0","1502783798","2017-08-15 07:56:38 UTC"
"coincheck","485762.0","485835.0","1502783800","2017-08-15 07:56:40 UTC"
"zaif","485855.0","485900.0","1502783801","2017-08-15 07:56:41 UTC"
"coincheck","485810.0","485811.0","1502783803","2017-08-15 07:56:43 UTC"
"zaif","485730.0","485900.0","1502783803","2017-08-15 07:56:43 UTC"
"coincheck","485671.0","485711.0","1502783804","2017-08-15 07:56:44 UTC"
"zaif","485855.0","485895.0","1502783805","2017-08-15 07:56:45 UTC"
"coincheck","485820.0","486098.0","1502783806","2017-08-15 07:56:46 UTC"
"zaif","485855.0","485895.0","1502783807","2017-08-15 07:56:47 UTC"
"coincheck","485825.0","486100.0","1502783808","2017-08-15 07:56:48 UTC"
"zaif","485895.0","485900.0","1502783808","2017-08-15 07:56:48 UTC"
"coincheck","485838.0","486087.0","1502783810","2017-08-15 07:56:50 UTC"
"zaif","485850.0","486000.0","1502783810","2017-08-15 07:56:50 UTC"
"coincheck","485843.0","486099.0","1502783812","2017-08-15 07:56:52 UTC"
"zaif","485895.0","486000.0","1502783812","2017-08-15 07:56:52 UTC"
"coincheck","485848.0","486100.0","1502783814","2017-08-15 07:56:54 UTC"
"zaif","485895.0","485995.0","1502783814","2017-08-15 07:56:54 UTC"
"coincheck","485858.0","486100.0","1502783815","2017-08-15 07:56:55 UTC"
"zaif","485895.0","485995.0","1502783816","2017-08-15 07:56:56 UTC"
"coincheck","485862.0","486127.0","1502783817","2017-08-15 07:56:57 UTC"
"zaif","485895.0","485990.0","1502783818","2017-08-15 07:56:58 UTC"
"coincheck","485870.0","486127.0","1502783819","2017-08-15 07:56:59 UTC"
"zaif","485900.0","485985.0","1502783819","2017-08-15 07:56:59 UTC"
"coincheck","485883.0","486051.0","1502783821","2017-08-15 07:57:01 UTC"
"zaif","485900.0","485985.0","1502783821","2017-08-15 07:57:01 UTC"
"coincheck","485887.0","486051.0","1502783823","2017-08-15 07:57:03 UTC"
"zaif","485905.0","485985.0","1502783823","2017-08-15 07:57:03 UTC"
"coincheck","485891.0","486051.0","1502783824","2017-08-15 07:57:04 UTC"
"zaif","485905.0","485980.0","1502783825","2017-08-15 07:57:05 UTC"
"coincheck","485901.0","486051.0","1502783827","2017-08-15 07:57:07 UTC"
"zaif","485905.0","485980.0","1502783827","2017-08-15 07:57:07 UTC"
"coincheck","485902.0","486051.0","1502783828","2017-08-15 07:57:08 UTC"
"zaif","485910.0","485975.0","1502783829","2017-08-15 07:57:09 UTC"
"coincheck","485907.0","486119.0","1502783831","2017-08-15 07:57:11 UTC"
"zaif","485910.0","485975.0","1502783831","2017-08-15 07:57:11 UTC"
"coincheck","485911.0","486119.0","1502783832","2017-08-15 07:57:12 UTC"
"zaif","485910.0","485975.0","1502783832","2017-08-15 07:57:12 UTC"
"coincheck","485915.0","486118.0","1502783834","2017-08-15 07:57:14 UTC"
"zaif","485945.0","486000.0","1502783835","2017-08-15 07:57:15 UTC"
"coincheck","485925.0","486119.0","1502783837","2017-08-15 07:57:17 UTC"
"zaif","485910.0","485970.0","1502783837","2017-08-15 07:57:17 UTC"
"coincheck","485935.0","486120.0","1502783838","2017-08-15 07:57:18 UTC"
"zaif","485915.0","485970.0","1502783838","2017-08-15 07:57:18 UTC"
"coincheck","485943.0","486120.0","1502783840","2017-08-15 07:57:20 UTC"
"zaif","485915.0","485965.0","1502783840","2017-08-15 07:57:20 UTC"
"coincheck","485948.0","486120.0","1502783842","2017-08-15 07:57:22 UTC"
"zaif","485915.0","485965.0","1502783842","2017-08-15 07:57:22 UTC"
"coincheck","485955.0","486120.0","1502783844","2017-08-15 07:57:24 UTC"
"zaif","485920.0","485965.0","1502783844","2017-08-15 07:57:24 UTC"
"coincheck","486007.0","486120.0","1502783846","2017-08-15 07:57:26 UTC"
"zaif","485920.0","485960.0","1502783846","2017-08-15 07:57:26 UTC"
"coincheck","486014.0","486120.0","1502783848","2017-08-15 07:57:28 UTC"
"zaif","485920.0","485960.0","1502783848","2017-08-15 07:57:28 UTC"
"coincheck","486016.0","486120.0","1502783850","2017-08-15 07:57:30 UTC"
"zaif","485925.0","485960.0","1502783850","2017-08-15 07:57:30 UTC"
"coincheck","486021.0","486120.0","1502783852","2017-08-15 07:57:32 UTC"
"zaif","485925.0","485955.0","1502783852","2017-08-15 07:57:32 UTC"
"coincheck","486070.0","486119.0","1502783853","2017-08-15 07:57:33 UTC"
"zaif","485925.0","485955.0","1502783854","2017-08-15 07:57:34 UTC"
"coincheck","486072.0","486120.0","1502783855","2017-08-15 07:57:35 UTC"
"zaif","485925.0","485995.0","1502783855","2017-08-15 07:57:35 UTC"
"coincheck","486075.0","486117.0","1502783857","2017-08-15 07:57:37 UTC"
"zaif","485925.0","485995.0","1502783857","2017-08-15 07:57:37 UTC"
"coincheck","486007.0","486119.0","1502783859","2017-08-15 07:57:39 UTC"
"zaif","485930.0","485995.0","1502783859","2017-08-15 07:57:39 UTC"
"coincheck","486001.0","486114.0","1502783861","2017-08-15 07:57:41 UTC"
"zaif","485930.0","485965.0","1502783861","2017-08-15 07:57:41 UTC"
"coincheck","486002.0","486120.0","1502783862","2017-08-15 07:57:42 UTC"
"zaif","485930.0","485965.0","1502783863","2017-08-15 07:57:43 UTC"
"coincheck","486008.0","486120.0","1502783864","2017-08-15 07:57:44 UTC"
"zaif","485920.0","485995.0","1502783864","2017-08-15 07:57:44 UTC"
"coincheck","486011.0","486115.0","1502783866","2017-08-15 07:57:46 UTC"
"zaif","485925.0","485990.0","1502783868","2017-08-15 07:57:48 UTC"
"coincheck","486016.0","486120.0","1502783869","2017-08-15 07:57:49 UTC"
"zaif","485995.0","486125.0","1502783869","2017-08-15 07:57:49 UTC"
"coincheck","486066.0","486120.0","1502783871","2017-08-15 07:57:51 UTC"
"zaif","485925.0","486045.0","1502783871","2017-08-15 07:57:51 UTC"
"coincheck","486073.0","486120.0","1502783873","2017-08-15 07:57:53 UTC"
"zaif","485930.0","485990.0","1502783874","2017-08-15 07:57:54 UTC"
"coincheck","486073.0","486118.0","1502783876","2017-08-15 07:57:56 UTC"
"zaif","485930.0","485990.0","1502783876","2017-08-15 07:57:56 UTC"
"coincheck","486073.0","486120.0","1502783878","2017-08-15 07:57:58 UTC"
"zaif","485990.0","486275.0","1502783878","2017-08-15 07:57:58 UTC"
"coincheck","486073.0","486120.0","1502783880","2017-08-15 07:58:00 UTC"
"zaif","485995.0","486245.0","1502783880","2017-08-15 07:58:00 UTC"
"coincheck","486121.0","486127.0","1502783881","2017-08-15 07:58:01 UTC"
"zaif","486000.0","486275.0","1502783882","2017-08-15 07:58:02 UTC"
"coincheck","486435.0","486499.0","1502783883","2017-08-15 07:58:03 UTC"
"zaif","486000.0","486530.0","1502783884","2017-08-15 07:58:04 UTC"
"coincheck","486436.0","486499.0","1502783885","2017-08-15 07:58:05 UTC"
"zaif","486380.0","486395.0","1502783886","2017-08-15 07:58:06 UTC"
"coincheck","486495.0","486499.0","1502783887","2017-08-15 07:58:07 UTC"
"zaif","485935.0","486000.0","1502783888","2017-08-15 07:58:08 UTC"
"coincheck","486495.0","486605.0","1502783889","2017-08-15 07:58:09 UTC"
"zaif","485940.0","486000.0","1502783889","2017-08-15 07:58:09 UTC"
"coincheck","486583.0","486799.0","1502783891","2017-08-15 07:58:11 UTC"
"zaif","486380.0","486495.0","1502783891","2017-08-15 07:58:11 UTC"
"coincheck","486699.0","486800.0","1502783892","2017-08-15 07:58:12 UTC"
"zaif","486380.0","486495.0","1502783893","2017-08-15 07:58:13 UTC"
"coincheck","486705.0","486799.0","1502783894","2017-08-15 07:58:14 UTC"
"zaif","486380.0","486495.0","1502783894","2017-08-15 07:58:14 UTC"
"coincheck","486708.0","486800.0","1502783896","2017-08-15 07:58:16 UTC"
"zaif","486385.0","486720.0","1502783896","2017-08-15 07:58:16 UTC"
"coincheck","486710.0","486800.0","1502783897","2017-08-15 07:58:17 UTC"
"zaif","486445.0","486655.0","1502783898","2017-08-15 07:58:18 UTC"
"coincheck","486710.0","486777.0","1502783899","2017-08-15 07:58:19 UTC"
"zaif","486495.0","486580.0","1502783899","2017-08-15 07:58:19 UTC"
"coincheck","486715.0","486800.0","1502783901","2017-08-15 07:58:21 UTC"
"zaif","486775.0","486780.0","1502783901","2017-08-15 07:58:21 UTC"
"coincheck","486717.0","486800.0","1502783902","2017-08-15 07:58:22 UTC"
"zaif","486495.0","486570.0","1502783902","2017-08-15 07:58:22 UTC"
"coincheck","486720.0","486800.0","1502783904","2017-08-15 07:58:24 UTC"
"zaif","486495.0","486570.0","1502783904","2017-08-15 07:58:24 UTC"
"coincheck","486721.0","486766.0","1502783905","2017-08-15 07:58:25 UTC"
"zaif","486495.0","486570.0","1502783906","2017-08-15 07:58:26 UTC"
"coincheck","486721.0","486766.0","1502783908","2017-08-15 07:58:28 UTC"
"zaif","487220.0","487925.0","1502783908","2017-08-15 07:58:28 UTC"
"coincheck","486762.0","486799.0","1502783910","2017-08-15 07:58:30 UTC"
"zaif","486495.0","487925.0","1502783910","2017-08-15 07:58:30 UTC"
"coincheck","486765.0","486775.0","1502783912","2017-08-15 07:58:32 UTC"
"zaif","486495.0","487925.0","1502783912","2017-08-15 07:58:32 UTC"
"coincheck","486767.0","486793.0","1502783913","2017-08-15 07:58:33 UTC"
"zaif","486635.0","487000.0","1502783914","2017-08-15 07:58:34 UTC"
"coincheck","486771.0","486798.0","1502783915","2017-08-15 07:58:35 UTC"
"zaif","486630.0","487000.0","1502783916","2017-08-15 07:58:36 UTC"
"coincheck","486777.0","486798.0","1502783917","2017-08-15 07:58:37 UTC"
"zaif","486655.0","487075.0","1502783917","2017-08-15 07:58:37 UTC"
"coincheck","486779.0","486798.0","1502783919","2017-08-15 07:58:39 UTC"
"zaif","486725.0","486950.0","1502783919","2017-08-15 07:58:39 UTC"
"coincheck","486782.0","486799.0","1502783920","2017-08-15 07:58:40 UTC"
"zaif","486655.0","486790.0","1502783921","2017-08-15 07:58:41 UTC"
"coincheck","486783.0","486800.0","1502783922","2017-08-15 07:58:42 UTC"
"zaif","486660.0","486790.0","1502783922","2017-08-15 07:58:42 UTC"
"coincheck","486784.0","486800.0","1502783924","2017-08-15 07:58:44 UTC"
"zaif","486665.0","486725.0","1502783924","2017-08-15 07:58:44 UTC"
"coincheck","486787.0","486800.0","1502783925","2017-08-15 07:58:45 UTC"
"zaif","486675.0","486760.0","1502783926","2017-08-15 07:58:46 UTC"
"coincheck","486791.0","486800.0","1502783928","2017-08-15 07:58:48 UTC"
"zaif","486665.0","486800.0","1502783928","2017-08-15 07:58:48 UTC"
"coincheck","486794.0","486800.0","1502783930","2017-08-15 07:58:50 UTC"
"zaif","486815.0","486965.0","1502783930","2017-08-15 07:58:50 UTC"
"coincheck","486794.0","486800.0","1502783932","2017-08-15 07:58:52 UTC"
"zaif","487000.0","487075.0","1502783932","2017-08-15 07:58:52 UTC"
"coincheck","486801.0","486899.0","1502783933","2017-08-15 07:58:53 UTC"
"zaif","486665.0","486800.0","1502783934","2017-08-15 07:58:54 UTC"
"coincheck","486807.0","486900.0","1502783936","2017-08-15 07:58:56 UTC"
"zaif","486765.0","487000.0","1502783936","2017-08-15 07:58:56 UTC"
"coincheck","486900.0","486999.0","1502783938","2017-08-15 07:58:58 UTC"
"zaif","487300.0","487500.0","1502783938","2017-08-15 07:58:58 UTC"
"coincheck","486913.0","486999.0","1502783939","2017-08-15 07:58:59 UTC"
"zaif","487300.0","487500.0","1502783940","2017-08-15 07:59:00 UTC"
"coincheck","486960.0","486999.0","1502783941","2017-08-15 07:59:01 UTC"
"zaif","486385.0","486510.0","1502783941","2017-08-15 07:59:01 UTC"
"coincheck","486961.0","486999.0","1502783943","2017-08-15 07:59:03 UTC"
"zaif","486685.0","486705.0","1502783943","2017-08-15 07:59:03 UTC"
"coincheck","486962.0","486999.0","1502783944","2017-08-15 07:59:04 UTC"
"zaif","486685.0","486705.0","1502783944","2017-08-15 07:59:04 UTC"
"coincheck","486964.0","486993.0","1502783946","2017-08-15 07:59:06 UTC"
"zaif","486685.0","486760.0","1502783946","2017-08-15 07:59:06 UTC"
"coincheck","486962.0","486963.0","1502783947","2017-08-15 07:59:07 UTC"
"zaif","486685.0","486760.0","1502783948","2017-08-15 07:59:08 UTC"
"coincheck","486958.0","486963.0","1502783949","2017-08-15 07:59:09 UTC"
"zaif","486700.0","486760.0","1502783950","2017-08-15 07:59:10 UTC"
"coincheck","486963.0","486999.0","1502783951","2017-08-15 07:59:11 UTC"
"zaif","486700.0","486765.0","1502783951","2017-08-15 07:59:11 UTC"
"coincheck","486964.0","486999.0","1502783953","2017-08-15 07:59:13 UTC"
"zaif","486710.0","486765.0","1502783953","2017-08-15 07:59:13 UTC"
"coincheck","486964.0","486965.0","1502783954","2017-08-15 07:59:14 UTC"
"zaif","486710.0","486795.0","1502783955","2017-08-15 07:59:15 UTC"
"coincheck","486967.0","487000.0","1502783956","2017-08-15 07:59:16 UTC"
"zaif","486710.0","486795.0","1502783956","2017-08-15 07:59:16 UTC"
"coincheck","486999.0","487000.0","1502783958","2017-08-15 07:59:18 UTC"
"zaif","486715.0","486795.0","1502783958","2017-08-15 07:59:18 UTC"
"coincheck","486999.0","487000.0","1502783959","2017-08-15 07:59:19 UTC"
"zaif","486685.0","486695.0","1502783959","2017-08-15 07:59:19 UTC"
"coincheck","487000.0","487088.0","1502783961","2017-08-15 07:59:21 UTC"
"zaif","486685.0","487100.0","1502783961","2017-08-15 07:59:21 UTC"
"coincheck","487002.0","487006.0","1502783963","2017-08-15 07:59:23 UTC"
"zaif","486795.0","487060.0","1502783963","2017-08-15 07:59:23 UTC"
"coincheck","487014.0","487251.0","1502783964","2017-08-15 07:59:24 UTC"
"zaif","486795.0","487010.0","1502783965","2017-08-15 07:59:25 UTC"
"coincheck","487023.0","487242.0","1502783966","2017-08-15 07:59:26 UTC"
"zaif","487010.0","487060.0","1502783966","2017-08-15 07:59:26 UTC"
"coincheck","487027.0","487238.0","1502783968","2017-08-15 07:59:28 UTC"
"zaif","487010.0","487060.0","1502783968","2017-08-15 07:59:28 UTC"
"coincheck","487040.0","487444.0","1502783970","2017-08-15 07:59:30 UTC"
"zaif","487010.0","487060.0","1502783970","2017-08-15 07:59:30 UTC"
"coincheck","487049.0","487434.0","1502783972","2017-08-15 07:59:32 UTC"
"zaif","487010.0","487060.0","1502783972","2017-08-15 07:59:32 UTC"
"coincheck","487066.0","487500.0","1502783973","2017-08-15 07:59:33 UTC"
"zaif","487010.0","487060.0","1502783974","2017-08-15 07:59:34 UTC"
"coincheck","487251.0","487436.0","1502783975","2017-08-15 07:59:35 UTC"
"zaif","486835.0","486840.0","1502783976","2017-08-15 07:59:36 UTC"
"coincheck","487255.0","487426.0","1502783977","2017-08-15 07:59:37 UTC"
"zaif","486830.0","486840.0","1502783978","2017-08-15 07:59:38 UTC"
"coincheck","487172.0","487414.0","1502783979","2017-08-15 07:59:39 UTC"
"zaif","486800.0","486840.0","1502783980","2017-08-15 07:59:40 UTC"
"coincheck","487173.0","487560.0","1502783981","2017-08-15 07:59:41 UTC"
"zaif","486830.0","486840.0","1502783981","2017-08-15 07:59:41 UTC"
"coincheck","487261.0","487400.0","1502783983","2017-08-15 07:59:43 UTC"
"zaif","486835.0","486890.0","1502783983","2017-08-15 07:59:43 UTC"
"coincheck","487266.0","487501.0","1502783984","2017-08-15 07:59:44 UTC"
"zaif","486890.0","487100.0","1502783984","2017-08-15 07:59:44 UTC"
"coincheck","487275.0","487560.0","1502783986","2017-08-15 07:59:46 UTC"
"zaif","486845.0","487100.0","1502783986","2017-08-15 07:59:46 UTC"
"coincheck","487284.0","487559.0","1502783987","2017-08-15 07:59:47 UTC"
"zaif","486845.0","487100.0","1502783988","2017-08-15 07:59:48 UTC"
"coincheck","487402.0","487489.0","1502783989","2017-08-15 07:59:49 UTC"
"zaif","486940.0","487040.0","1502783989","2017-08-15 07:59:49 UTC"
"coincheck","487407.0","487558.0","1502783991","2017-08-15 07:59:51 UTC"
"zaif","486945.0","487040.0","1502783991","2017-08-15 07:59:51 UTC"
"coincheck","487287.0","487555.0","1502783992","2017-08-15 07:59:52 UTC"
"zaif","486945.0","487040.0","1502783992","2017-08-15 07:59:52 UTC"
"coincheck","487348.0","487360.0","1502783994","2017-08-15 07:59:54 UTC"
"zaif","486945.0","487095.0","1502783994","2017-08-15 07:59:54 UTC"
"coincheck","487351.0","487702.0","1502783995","2017-08-15 07:59:55 UTC"
"zaif","486970.0","487095.0","1502783995","2017-08-15 07:59:55 UTC"
"coincheck","487493.0","487700.0","1502783997","2017-08-15 07:59:57 UTC"
"zaif","486945.0","487095.0","1502783997","2017-08-15 07:59:57 UTC"
"coincheck","487493.0","487701.0","1502783998","2017-08-15 07:59:58 UTC"
"zaif","486945.0","487100.0","1502783998","2017-08-15 07:59:58 UTC"
"coincheck","487499.0","487698.0","1502784000","2017-08-15 08:00:00 UTC"
"zaif","486970.0","487200.0","1502784000","2017-08-15 08:00:00 UTC"
"coincheck","487618.0","487702.0","1502784002","2017-08-15 08:00:02 UTC"
"zaif","487000.0","487600.0","1502784002","2017-08-15 08:00:02 UTC"
"coincheck","487603.0","487700.0","1502784004","2017-08-15 08:00:04 UTC"
"zaif","487495.0","487600.0","1502784004","2017-08-15 08:00:04 UTC"
"coincheck","487600.0","487860.0","1502784005","2017-08-15 08:00:05 UTC"
"zaif","487495.0","487600.0","1502784005","2017-08-15 08:00:05 UTC"
"coincheck","487611.0","487855.0","1502784007","2017-08-15 08:00:07 UTC"
"zaif","487495.0","487600.0","1502784007","2017-08-15 08:00:07 UTC"
"coincheck","487612.0","487857.0","1502784008","2017-08-15 08:00:08 UTC"
"zaif","487390.0","487600.0","1502784008","2017-08-15 08:00:08 UTC"
"coincheck","487609.0","487845.0","1502784009","2017-08-15 08:00:09 UTC"
"zaif","486860.0","486990.0","1502784010","2017-08-15 08:00:10 UTC"
"coincheck","487618.0","487854.0","1502784011","2017-08-15 08:00:11 UTC"
"zaif","487600.0","487860.0","1502784011","2017-08-15 08:00:11 UTC"
"coincheck","487618.0","487700.0","1502784013","2017-08-15 08:00:13 UTC"
"zaif","487605.0","488055.0","1502784013","2017-08-15 08:00:13 UTC"
"coincheck","487623.0","487998.0","1502784014","2017-08-15 08:00:14 UTC"
"zaif","487600.0","488040.0","1502784014","2017-08-15 08:00:14 UTC"
"coincheck","487628.0","487989.0","1502784016","2017-08-15 08:00:16 UTC"
"zaif","487600.0","488040.0","1502784016","2017-08-15 08:00:16 UTC"
"coincheck","487632.0","487984.0","1502784017","2017-08-15 08:00:17 UTC"
"zaif","487600.0","488040.0","1502784017","2017-08-15 08:00:17 UTC"
"coincheck","487637.0","487975.0","1502784019","2017-08-15 08:00:19 UTC"
"zaif","487600.0","488040.0","1502784019","2017-08-15 08:00:19 UTC"
"coincheck","487643.0","487998.0","1502784020","2017-08-15 08:00:20 UTC"
"zaif","487600.0","488035.0","1502784020","2017-08-15 08:00:20 UTC"
"coincheck","487988.0","487999.0","1502784022","2017-08-15 08:00:22 UTC"
"zaif","487605.0","488035.0","1502784022","2017-08-15 08:00:22 UTC"
"coincheck","487988.0","487999.0","1502784023","2017-08-15 08:00:23 UTC"
"zaif","488000.0","488035.0","1502784023","2017-08-15 08:00:23 UTC"
"coincheck","487988.0","487999.0","1502784025","2017-08-15 08:00:25 UTC"
"zaif","488000.0","488035.0","1502784025","2017-08-15 08:00:25 UTC"
"coincheck","487859.0","487988.0","1502784026","2017-08-15 08:00:26 UTC"
"zaif","486810.0","486940.0","1502784026","2017-08-15 08:00:26 UTC"
"coincheck","487864.0","487989.0","1502784028","2017-08-15 08:00:28 UTC"
"zaif","486860.0","487300.0","1502784028","2017-08-15 08:00:28 UTC"
"coincheck","487866.0","487984.0","1502784029","2017-08-15 08:00:29 UTC"
"zaif","486860.0","487215.0","1502784030","2017-08-15 08:00:30 UTC"
"coincheck","487988.0","487998.0","1502784031","2017-08-15 08:00:31 UTC"
"zaif","487590.0","487595.0","1502784031","2017-08-15 08:00:31 UTC"
"coincheck","487988.0","487998.0","1502784033","2017-08-15 08:00:33 UTC"
"zaif","487400.0","487595.0","1502784033","2017-08-15 08:00:33 UTC"
"coincheck","487988.0","487997.0","1502784034","2017-08-15 08:00:34 UTC"
"zaif","487400.0","487595.0","1502784035","2017-08-15 08:00:35 UTC"
"coincheck","487988.0","487997.0","1502784036","2017-08-15 08:00:36 UTC"
"zaif","487400.0","487595.0","1502784036","2017-08-15 08:00:36 UTC"
"coincheck","487745.0","487999.0","1502784038","2017-08-15 08:00:38 UTC"
"zaif","487400.0","487595.0","1502784038","2017-08-15 08:00:38 UTC"
"coincheck","487661.0","487999.0","1502784039","2017-08-15 08:00:39 UTC"
"zaif","487400.0","487595.0","1502784039","2017-08-15 08:00:39 UTC"
"coincheck","487666.0","487994.0","1502784041","2017-08-15 08:00:41 UTC"
"zaif","487400.0","487595.0","1502784041","2017-08-15 08:00:41 UTC"
"coincheck","488040.0","488255.0","1502784042","2017-08-15 08:00:42 UTC"
"zaif","487405.0","487730.0","1502784042","2017-08-15 08:00:42 UTC"
"coincheck","488032.0","488176.0","1502784044","2017-08-15 08:00:44 UTC"
"zaif","487595.0","487730.0","1502784044","2017-08-15 08:00:44 UTC"
"coincheck","488020.0","488172.0","1502784046","2017-08-15 08:00:46 UTC"
"zaif","487355.0","487395.0","1502784046","2017-08-15 08:00:46 UTC"
"coincheck","488009.0","488167.0","1502784047","2017-08-15 08:00:47 UTC"
"zaif","488030.0","488210.0","1502784047","2017-08-15 08:00:47 UTC"
"coincheck","488021.0","488163.0","1502784049","2017-08-15 08:00:49 UTC"
"zaif","487730.0","488030.0","1502784049","2017-08-15 08:00:49 UTC"
"coincheck","488021.0","488158.0","1502784050","2017-08-15 08:00:50 UTC"
"zaif","487730.0","488030.0","1502784050","2017-08-15 08:00:50 UTC"
"coincheck","488021.0","488162.0","1502784052","2017-08-15 08:00:52 UTC"
"zaif","487730.0","488030.0","1502784052","2017-08-15 08:00:52 UTC"
"coincheck","488021.0","488154.0","1502784053","2017-08-15 08:00:53 UTC"
"zaif","487780.0","487945.0","1502784054","2017-08-15 08:00:54 UTC"
"coincheck","488100.0","488153.0","1502784055","2017-08-15 08:00:55 UTC"
"zaif","487505.0","487770.0","1502784055","2017-08-15 08:00:55 UTC"
"coincheck","488113.0","488540.0","1502784057","2017-08-15 08:00:57 UTC"
"zaif","487505.0","487770.0","1502784057","2017-08-15 08:00:57 UTC"
"coincheck","488140.0","488659.0","1502784058","2017-08-15 08:00:58 UTC"
"zaif","487505.0","487770.0","1502784058","2017-08-15 08:00:58 UTC"
"coincheck","488204.0","488659.0","1502784060","2017-08-15 08:01:00 UTC"
"zaif","487775.0","487835.0","1502784060","2017-08-15 08:01:00 UTC"
"coincheck","488435.0","488739.0","1502784061","2017-08-15 08:01:01 UTC"
"zaif","487820.0","487955.0","1502784062","2017-08-15 08:01:02 UTC"
"coincheck","488441.0","488799.0","1502784063","2017-08-15 08:01:03 UTC"
"zaif","488005.0","488030.0","1502784064","2017-08-15 08:01:04 UTC"
"coincheck","489000.0","489031.0","1502784065","2017-08-15 08:01:05 UTC"
"zaif","488005.0","488045.0","1502784066","2017-08-15 08:01:06 UTC"
"coincheck","488690.0","488803.0","1502784067","2017-08-15 08:01:07 UTC"
"zaif","488215.0","488225.0","1502784067","2017-08-15 08:01:07 UTC"
"coincheck","488696.0","488815.0","1502784068","2017-08-15 08:01:08 UTC"
"zaif","488210.0","488215.0","1502784069","2017-08-15 08:01:09 UTC"
"coincheck","488697.0","488801.0","1502784070","2017-08-15 08:01:10 UTC"
"zaif","488215.0","488225.0","1502784070","2017-08-15 08:01:10 UTC"
"coincheck","488700.0","488913.0","1502784072","2017-08-15 08:01:12 UTC"
"zaif","488010.0","488205.0","1502784072","2017-08-15 08:01:12 UTC"
"coincheck","488710.0","489203.0","1502784073","2017-08-15 08:01:13 UTC"
"zaif","488405.0","488595.0","1502784074","2017-08-15 08:01:14 UTC"
"coincheck","488995.0","489194.0","1502784075","2017-08-15 08:01:15 UTC"
"zaif","488585.0","488595.0","1502784075","2017-08-15 08:01:15 UTC"
"coincheck","488990.0","488996.0","1502784076","2017-08-15 08:01:16 UTC"
"zaif","488010.0","488305.0","1502784077","2017-08-15 08:01:17 UTC"
"coincheck","488750.0","488831.0","1502784078","2017-08-15 08:01:18 UTC"
"zaif","488345.0","488530.0","1502784078","2017-08-15 08:01:18 UTC"
"coincheck","488757.0","488995.0","1502784079","2017-08-15 08:01:19 UTC"
"zaif","487610.0","487765.0","1502784080","2017-08-15 08:01:20 UTC"
"coincheck","488850.0","489200.0","1502784081","2017-08-15 08:01:21 UTC"
"zaif","487640.0","487765.0","1502784081","2017-08-15 08:01:21 UTC"
"coincheck","488858.0","489191.0","1502784082","2017-08-15 08:01:22 UTC"
"zaif","487915.0","488000.0","1502784083","2017-08-15 08:01:23 UTC"
"coincheck","488900.0","489000.0","1502784084","2017-08-15 08:01:24 UTC"
"zaif","487915.0","488645.0","1502784084","2017-08-15 08:01:24 UTC"
"coincheck","488758.0","489174.0","1502784085","2017-08-15 08:01:25 UTC"
"zaif","487915.0","488640.0","1502784086","2017-08-15 08:01:26 UTC"
"coincheck","488818.0","489165.0","1502784087","2017-08-15 08:01:27 UTC"
"zaif","487915.0","488640.0","1502784087","2017-08-15 08:01:27 UTC"
"coincheck","488826.0","489156.0","1502784089","2017-08-15 08:01:29 UTC"
"zaif","487915.0","488640.0","1502784089","2017-08-15 08:01:29 UTC"
"coincheck","488834.0","489154.0","1502784090","2017-08-15 08:01:30 UTC"
"zaif","488000.0","488640.0","1502784090","2017-08-15 08:01:30 UTC"
"coincheck","488839.0","489000.0","1502784092","2017-08-15 08:01:32 UTC"
"zaif","488000.0","488640.0","1502784092","2017-08-15 08:01:32 UTC"
"coincheck","488840.0","488991.0","1502784093","2017-08-15 08:01:33 UTC"
"zaif","488000.0","488810.0","1502784093","2017-08-15 08:01:33 UTC"
"coincheck","488826.0","488985.0","1502784095","2017-08-15 08:01:35 UTC"
"zaif","488640.0","488810.0","1502784095","2017-08-15 08:01:35 UTC"
"coincheck","488830.0","488979.0","1502784096","2017-08-15 08:01:36 UTC"
"zaif","487765.0","487910.0","1502784096","2017-08-15 08:01:36 UTC"
"coincheck","488830.0","488872.0","1502784098","2017-08-15 08:01:38 UTC"
"zaif","487765.0","487910.0","1502784098","2017-08-15 08:01:38 UTC"
"coincheck","488810.0","488867.0","1502784099","2017-08-15 08:01:39 UTC"
"zaif","487890.0","487910.0","1502784099","2017-08-15 08:01:39 UTC"
"coincheck","488810.0","488826.0","1502784101","2017-08-15 08:01:41 UTC"
"zaif","487890.0","487910.0","1502784101","2017-08-15 08:01:41 UTC"
"coincheck","488821.0","488850.0","1502784102","2017-08-15 08:01:42 UTC"
"zaif","487765.0","488620.0","1502784102","2017-08-15 08:01:42 UTC"
"coincheck","488809.0","488833.0","1502784103","2017-08-15 08:01:43 UTC"
"zaif","487800.0","488620.0","1502784103","2017-08-15 08:01:43 UTC"
"coincheck","488809.0","488831.0","1502784105","2017-08-15 08:01:45 UTC"
"zaif","487820.0","487885.0","1502784105","2017-08-15 08:01:45 UTC"
"coincheck","488809.0","488826.0","1502784106","2017-08-15 08:01:46 UTC"
"zaif","488000.0","488620.0","1502784106","2017-08-15 08:01:46 UTC"
"coincheck","488809.0","488821.0","1502784108","2017-08-15 08:01:48 UTC"
"zaif","488105.0","488615.0","1502784108","2017-08-15 08:01:48 UTC"
"coincheck","488580.0","488750.0","1502784109","2017-08-15 08:01:49 UTC"
"zaif","487910.0","488615.0","1502784109","2017-08-15 08:01:49 UTC"
"coincheck","488584.0","488746.0","1502784111","2017-08-15 08:01:51 UTC"
"zaif","487915.0","488615.0","1502784111","2017-08-15 08:01:51 UTC"
"coincheck","488500.0","488744.0","1502784112","2017-08-15 08:01:52 UTC"
"zaif","487915.0","488615.0","1502784112","2017-08-15 08:01:52 UTC"
"coincheck","488501.0","489030.0","1502784113","2017-08-15 08:01:53 UTC"
"zaif","487800.0","487815.0","1502784114","2017-08-15 08:01:54 UTC"
"coincheck","488513.0","489030.0","1502784115","2017-08-15 08:01:55 UTC"
"zaif","487800.0","487810.0","1502784115","2017-08-15 08:01:55 UTC"
"coincheck","488518.0","488866.0","1502784116","2017-08-15 08:01:56 UTC"
"zaif","487800.0","487815.0","1502784117","2017-08-15 08:01:57 UTC"
"coincheck","488518.0","488856.0","1502784118","2017-08-15 08:01:58 UTC"
"zaif","487810.0","487815.0","1502784118","2017-08-15 08:01:58 UTC"
"coincheck","488527.0","488847.0","1502784119","2017-08-15 08:01:59 UTC"
"zaif","487815.0","488615.0","1502784119","2017-08-15 08:01:59 UTC"
"coincheck","488534.0","488838.0","1502784121","2017-08-15 08:02:01 UTC"
"zaif","488165.0","488320.0","1502784121","2017-08-15 08:02:01 UTC"
"coincheck","488607.0","488830.0","1502784122","2017-08-15 08:02:02 UTC"
"zaif","488165.0","488320.0","1502784122","2017-08-15 08:02:02 UTC"
"coincheck","488607.0","488734.0","1502784124","2017-08-15 08:02:04 UTC"
"zaif","487915.0","488320.0","1502784124","2017-08-15 08:02:04 UTC"
"coincheck","488607.0","488726.0","1502784125","2017-08-15 08:02:05 UTC"
"zaif","487965.0","488320.0","1502784125","2017-08-15 08:02:05 UTC"
"coincheck","488607.0","488713.0","1502784127","2017-08-15 08:02:07 UTC"
"zaif","487965.0","488320.0","1502784127","2017-08-15 08:02:07 UTC"
"coincheck","488607.0","488691.0","1502784129","2017-08-15 08:02:09 UTC"
"zaif","487965.0","488320.0","1502784129","2017-08-15 08:02:09 UTC"
"coincheck","488607.0","488690.0","1502784130","2017-08-15 08:02:10 UTC"
"zaif","487915.0","487965.0","1502784130","2017-08-15 08:02:10 UTC"
"coincheck","488609.0","488694.0","1502784132","2017-08-15 08:02:12 UTC"
"zaif","488165.0","488320.0","1502784132","2017-08-15 08:02:12 UTC"
"coincheck","488609.0","488689.0","1502784133","2017-08-15 08:02:13 UTC"
"zaif","488165.0","488320.0","1502784134","2017-08-15 08:02:14 UTC"
"coincheck","488602.0","488688.0","1502784135","2017-08-15 08:02:15 UTC"
"zaif","488165.0","488320.0","1502784135","2017-08-15 08:02:15 UTC"
"coincheck","488603.0","488683.0","1502784136","2017-08-15 08:02:16 UTC"
"zaif","487965.0","488040.0","1502784136","2017-08-15 08:02:16 UTC"
"coincheck","488603.0","488682.0","1502784138","2017-08-15 08:02:18 UTC"
"zaif","487985.0","488045.0","1502784138","2017-08-15 08:02:18 UTC"
"coincheck","488724.0","489294.0","1502784139","2017-08-15 08:02:19 UTC"
"zaif","487985.0","488220.0","1502784139","2017-08-15 08:02:19 UTC"
"coincheck","488733.0","489292.0","1502784140","2017-08-15 08:02:20 UTC"
"zaif","487985.0","488045.0","1502784140","2017-08-15 08:02:20 UTC"
"coincheck","488738.0","489288.0","1502784142","2017-08-15 08:02:22 UTC"
"zaif","487985.0","488045.0","1502784142","2017-08-15 08:02:22 UTC"
"coincheck","488746.0","489280.0","1502784144","2017-08-15 08:02:24 UTC"
"zaif","487990.0","488045.0","1502784144","2017-08-15 08:02:24 UTC"
"coincheck","488751.0","489267.0","1502784145","2017-08-15 08:02:25 UTC"
"zaif","487990.0","488045.0","1502784145","2017-08-15 08:02:25 UTC"
"coincheck","488756.0","489258.0","1502784147","2017-08-15 08:02:27 UTC"
"zaif","488035.0","488045.0","1502784147","2017-08-15 08:02:27 UTC"
"coincheck","488762.0","489245.0","1502784148","2017-08-15 08:02:28 UTC"
"zaif","488035.0","488045.0","1502784148","2017-08-15 08:02:28 UTC"
"coincheck","488767.0","489240.0","1502784150","2017-08-15 08:02:30 UTC"
"zaif","488025.0","488035.0","1502784150","2017-08-15 08:02:30 UTC"
"coincheck","488773.0","489245.0","1502784151","2017-08-15 08:02:31 UTC"
"zaif","488035.0","488315.0","1502784151","2017-08-15 08:02:31 UTC"
"coincheck","488778.0","489234.0","1502784152","2017-08-15 08:02:32 UTC"
"zaif","488035.0","488315.0","1502784152","2017-08-15 08:02:32 UTC"
"coincheck","488781.0","489232.0","1502784154","2017-08-15 08:02:34 UTC"
"zaif","488035.0","488045.0","1502784154","2017-08-15 08:02:34 UTC"
"coincheck","488792.0","489224.0","1502784155","2017-08-15 08:02:35 UTC"
"zaif","488035.0","488045.0","1502784155","2017-08-15 08:02:35 UTC"
"coincheck","488805.0","489215.0","1502784157","2017-08-15 08:02:37 UTC"
"zaif","488035.0","488400.0","1502784157","2017-08-15 08:02:37 UTC"
"coincheck","488814.0","489210.0","1502784158","2017-08-15 08:02:38 UTC"
"zaif","488035.0","488310.0","1502784158","2017-08-15 08:02:38 UTC"
"coincheck","488823.0","489201.0","1502784159","2017-08-15 08:02:39 UTC"
"zaif","488035.0","488045.0","1502784159","2017-08-15 08:02:39 UTC"
"coincheck","488840.0","489199.0","1502784161","2017-08-15 08:02:41 UTC"
"zaif","488035.0","488400.0","1502784161","2017-08-15 08:02:41 UTC"
"coincheck","489000.0","489194.0","1502784162","2017-08-15 08:02:42 UTC"
"zaif","488035.0","488400.0","1502784162","2017-08-15 08:02:42 UTC"
"coincheck","489005.0","489190.0","1502784164","2017-08-15 08:02:44 UTC"
"zaif","488070.0","488400.0","1502784164","2017-08-15 08:02:44 UTC"
"coincheck","489007.0","489182.0","1502784165","2017-08-15 08:02:45 UTC"
"zaif","487985.0","488060.0","1502784165","2017-08-15 08:02:45 UTC"
"coincheck","489003.0","489899.0","1502784167","2017-08-15 08:02:47 UTC"
"zaif","487990.0","488400.0","1502784167","2017-08-15 08:02:47 UTC"
"coincheck","489009.0","489165.0","1502784168","2017-08-15 08:02:48 UTC"
"zaif","487990.0","488400.0","1502784169","2017-08-15 08:02:49 UTC"
"coincheck","489009.0","489169.0","1502784170","2017-08-15 08:02:50 UTC"
"zaif","488070.0","488320.0","1502784170","2017-08-15 08:02:50 UTC"
"coincheck","489001.0","489495.0","1502784172","2017-08-15 08:02:52 UTC"
"zaif","488070.0","488335.0","1502784172","2017-08-15 08:02:52 UTC"
"coincheck","489007.0","489494.0","1502784173","2017-08-15 08:02:53 UTC"
"zaif","488135.0","488400.0","1502784173","2017-08-15 08:02:53 UTC"
"coincheck","489011.0","489497.0","1502784175","2017-08-15 08:02:55 UTC"
"zaif","488135.0","488260.0","1502784175","2017-08-15 08:02:55 UTC"
"coincheck","489305.0","489447.0","1502784176","2017-08-15 08:02:56 UTC"
"zaif","488110.0","488260.0","1502784177","2017-08-15 08:02:57 UTC"
"coincheck","489019.0","489439.0","1502784178","2017-08-15 08:02:58 UTC"
"zaif","488110.0","488255.0","1502784178","2017-08-15 08:02:58 UTC"
"coincheck","489028.0","489435.0","1502784179","2017-08-15 08:02:59 UTC"
"zaif","488140.0","488220.0","1502784179","2017-08-15 08:02:59 UTC"
"coincheck","489031.0","489427.0","1502784181","2017-08-15 08:03:01 UTC"
"zaif","488140.0","488510.0","1502784181","2017-08-15 08:03:01 UTC"
